order_id,customer_name,order_date,product,quantity,price_per_unit,region
1,Michael Holland,2024-01-11,Laptop,,333.24,South
2,Harry Jackson,2023-01-10,Mouse,1.0,825.47,West
3,Tyler Cook,2022-12-17,Tablet,8.0,840.2,North
4,Matthew Brewer,2023-08-26,Tablet,,576.66,
5,Amy Foley,2023-05-31,Tablet,,103.87,East
6,Sheila Heath,2023-02-14,Tablet,3.0,858.83,West
7,Patrick Walter,2022-12-27,Monitor,,716.98,East
8,Robert Rodriguez,2023-02-14,,2.0,441.36,
9,Randy Howell,2023-09-30,Mouse,,271.86,East
10,Colleen Day,2024-10-02,Mouse,8.0,158.87,
11,Matthew Brown,2023-01-06,Monitor,1.0,,West
12,Anthony Evans,2023-06-03,Mouse,,509.22,West
13,Monica Kidd,2023-10-09,Mouse,10.0,118.02,South
14,Justin Romero,2024-06-25,Mouse,,106.77,North
15,Audrey Gutierrez MD,2024-02-27,Mouse,,486.2,West
16,Patricia Knight,2023-11-22,Keyboard,3.0,914.76,West
17,Carrie Rodgers,2023-06-25,Smartphone,,688.51,North
18,Victoria Schroeder,,Smartphone,,762.33,North
19,Jason Morris,2024-09-01,Keyboard,,207.19,South
20,Aaron Murray,2023-09-03,Smartphone,9.0,549.17,South
21,Derrick Price,2023-10-14,,,264.65,South
22,Rhonda Scott,2023-01-01,Laptop,,60.94,South
23,Amy Rodriguez,2023-05-16,Monitor,10.0,380.5,South
24,Julie Johnson,,Mouse,3.0,957.02,South
25,Eric Rodriguez,2024-04-04,Smartphone,,325.06,North
26,Christina Obrien,2023-02-02,Smartphone,9.0,826.17,North
27,Ashley Koch,2023-02-21,Laptop,3.0,959.29,East
28,Lauren Potter,2023-03-25,Mouse,,671.83,South
29,Candice Kent,2023-01-16,,,816.2,East
30,Norman Reyes,2023-10-24,Keyboard,,571.21,South
31,Rachel Vaughan,2023-07-01,,5.0,915.47,
32,Jonathan Fleming,2024-02-05,,,608.28,West
33,Jennifer Taylor,2023-06-03,Laptop,9.0,524.99,
34,Paul Macdonald,2024-06-22,Mouse,,560.17,North
35,Samantha Powers,2024-02-02,Monitor,,682.56,North
36,Sean Romero,,Laptop,5.0,984.04,East
37,Morgan Walter,2023-01-17,Mouse,,674.58,North
38,Amanda Lopez,2023-05-21,Mouse,,,South
39,Cameron Soto,2024-09-03,Mouse,,280.27,East
40,Michael Weaver,2023-02-01,Laptop,,552.74,
41,Derek Hanson,2023-01-31,Mouse,,339.68,South
42,Heather Reid,2024-10-13,Monitor,10.0,398.57,West
43,Ryan Stewart,2023-02-13,Tablet,,683.41,East
44,Rose Miller,2023-09-04,Monitor,,249.77,West
45,Monique Simmons,2024-11-22,Mouse,,58.59,
46,Tracie Henderson,2024-03-12,Tablet,10.0,697.04,South
47,Brian Carter,,,10.0,401.84,West
48,Jill Kramer,2023-03-21,,4.0,243.5,North
49,Tommy Anderson,2023-01-08,Smartphone,8.0,332.97,West
50,Stephanie Nixon,2024-01-13,,5.0,376.32,West
51,Richard Meadows,2024-04-27,,,828.42,East
52,Douglas Gonzalez,2023-09-16,,,410.75,South
53,Dr. Joshua Ramirez,2023-05-16,Monitor,9.0,987.51,South
54,Brandon Roberts,2024-06-19,Laptop,8.0,182.98,East
55,Jennifer Hubbard,2023-11-20,Mouse,1.0,838.38,North
56,Jennifer Kemp,2024-10-15,Laptop,9.0,594.54,North
57,Donna Gonzalez,2023-07-09,,8.0,688.82,South
58,Megan Wilson,2024-02-21,Smartphone,,202.92,North
59,John Herrera,2024-05-29,Mouse,7.0,846.48,North
60,April Franco,2023-09-10,Monitor,,837.4,South
61,Tim Sandoval,2024-01-17,,,341.04,North
62,Dustin Garza,2023-01-31,Monitor,3.0,603.77,North
63,James Benton,,Laptop,1.0,988.78,
64,Victoria Powell,2024-04-08,Monitor,,106.24,West
65,Cynthia Lopez,2023-04-28,Mouse,,319.22,East
66,Jeffrey Taylor,2024-07-04,Tablet,,668.56,West
67,Sara Taylor DVM,2024-01-21,Laptop,3.0,236.27,
68,Dwayne Wright,2023-01-24,Smartphone,9.0,912.29,North
69,Michael Garcia DVM,2024-05-31,,7.0,73.68,West
70,Eugene Taylor,2024-08-29,Monitor,4.0,142.95,South
71,Brittany Morrison,2023-02-10,,,420.99,East
72,Monica White,2024-11-22,Keyboard,,853.9,
73,Donna Adams,2024-04-17,Keyboard,,82.56,West
74,Ann Gillespie,2024-04-07,Laptop,,880.71,North
75,Kristen Harrison,2024-03-05,Laptop,,373.93,West
76,Cassandra Cameron,2024-03-21,Smartphone,6.0,244.78,South
77,Alexander Arnold,,,8.0,778.11,
78,Audrey Hardy,2023-01-24,Laptop,,837.1,West
79,Lisa Brown,,Mouse,,644.1,West
80,Alice Morrison,2022-12-24,Mouse,,477.46,East
81,Phillip Brooks,2024-03-05,,7.0,757.86,East
82,Sean Baker Jr.,2023-10-28,Monitor,,895.89,West
83,Shirley Jones,2024-07-29,Mouse,,473.05,North
84,Stephen Jones,2024-01-14,Tablet,4.0,328.42,North
85,Andre Sullivan,2023-01-25,Smartphone,,596.1,
86,Annette Jackson,2024-02-24,Mouse,7.0,804.71,East
87,Roy Bowman,2023-01-21,Monitor,9.0,953.77,North
88,Allison Smith,2023-06-30,Laptop,6.0,930.06,
89,Kara Anderson,2024-03-28,Laptop,,99.86,East
90,Dennis Acosta,2023-07-04,Smartphone,2.0,72.38,West
91,Jeffrey Kelly,,Monitor,3.0,617.29,West
92,Richard Smith,,Tablet,1.0,474.24,North
93,Paul Horn,,Keyboard,7.0,,North
94,Kevin Ramsey,2023-09-05,Mouse,,847.48,North
95,Joseph Johnson,2023-08-05,Tablet,,971.79,North
96,David Davenport,2024-06-08,Monitor,7.0,682.34,
97,Lee Flowers,2024-10-04,Keyboard,,251.0,West
98,Samantha Ball,2023-12-25,Mouse,,100.21,North
99,Jason Carpenter,2024-09-21,Laptop,,932.42,
100,Zachary Velazquez,2023-10-29,Mouse,7.0,629.77,East
101,Richard Smith,2023-07-08,Tablet,4.0,236.67,East
102,Mitchell Howard,2023-01-26,,,877.33,East
103,Meagan Simmons,,Laptop,6.0,504.84,East
104,Sheila Smith DVM,2024-09-24,Laptop,8.0,903.88,North
105,Timothy Cordova,2023-09-19,Smartphone,4.0,,North
106,Shawn Schneider,2023-02-01,Tablet,,571.38,West
107,Trevor Hart,,Smartphone,4.0,85.21,North
108,Mary White,2023-09-21,,5.0,639.93,East
109,Sara Hughes,2023-01-27,Smartphone,9.0,767.86,West
110,Michael Gay,,Laptop,,151.49,
111,Jason Barrett,2023-12-21,Monitor,1.0,93.88,South
112,Kayla Allen,2023-01-01,Laptop,,709.11,East
113,Ryan Steele,2024-08-20,,4.0,347.61,
114,Mitchell Kim,2024-03-25,Monitor,,60.58,East
115,Ashley Brown,2024-06-13,Mouse,9.0,957.08,West
116,Edward Mathews,2024-05-10,Mouse,,940.16,
117,Pamela Zimmerman,2024-07-04,Smartphone,5.0,287.22,West
118,Charles Castillo,2023-11-11,Keyboard,,818.91,
119,Robert James,,Tablet,,921.91,South
120,Charles Jordan,2024-01-04,Monitor,8.0,701.74,South
121,Amy Myers,,,2.0,541.5,North
122,Joseph Hayes,2024-10-03,Laptop,10.0,881.37,West
123,Aaron Carter,2023-05-01,Smartphone,8.0,416.72,West
124,Ricky Berry,2024-07-20,Laptop,7.0,927.26,South
125,Heather Gaines MD,2024-06-16,Tablet,,412.32,South
126,Veronica Hamilton,,Tablet,,705.01,South
127,Stacy Martin,2023-12-07,Monitor,,540.38,
128,Hannah Frost,2023-10-14,Mouse,,972.86,South
129,Jessica Kramer,2023-01-15,Keyboard,9.0,273.83,North
130,Jonathan Anderson,2023-11-19,Laptop,,212.0,South
131,Lori Walker,2023-09-25,Laptop,3.0,378.36,South
132,Katherine Miller,2024-04-11,Mouse,,388.91,South
133,Mary Fox,2023-05-05,Tablet,,,West
134,Robert Hill,2023-04-08,Tablet,10.0,456.33,North
135,James Hodges,2023-12-30,Tablet,,,
136,Katie Chavez,2024-09-05,Monitor,5.0,606.84,North
137,Ashley Burgess,2024-10-02,Monitor,,956.9,East
138,John Walker,2023-03-10,Smartphone,9.0,499.87,North
139,Kenneth Gutierrez,,Laptop,,97.86,South
140,Casey Daniels,,Keyboard,,376.67,East
141,Michelle Lewis,2023-08-04,Tablet,2.0,883.96,
142,Christopher Cunningham,2024-07-11,Keyboard,10.0,298.68,
143,Erika Meyers,,Smartphone,,390.55,South
144,Amy Ball,2024-04-11,Monitor,7.0,650.48,East
145,Scott Gillespie,2024-05-07,,3.0,888.08,North
146,Kayla Klein,2024-01-19,Tablet,3.0,137.12,West
147,Patricia Moyer,,Smartphone,6.0,,North
148,Heather Hoffman,2023-05-08,Keyboard,,130.82,
149,William Smith,2023-05-01,Mouse,,801.08,
150,Kathy Greene,2023-08-22,Tablet,,890.49,North
151,Melody Wallace,2024-04-25,Smartphone,10.0,729.45,South
152,Scott Torres,2023-07-29,Smartphone,,353.8,North
153,Mike Wagner,,,,324.74,North
154,Kristin Myers,2024-05-31,Mouse,2.0,383.45,North
155,Victoria Daniels,2024-06-27,Keyboard,6.0,320.98,North
156,Colleen Poole,2023-06-28,Keyboard,9.0,843.55,
157,Joseph Hill,2023-03-03,Tablet,8.0,221.79,North
158,Ann Patel,2023-12-06,Smartphone,,741.46,West
159,Kelly Moore,2023-04-27,Keyboard,,964.51,
160,Alfred Gray,2022-12-08,,4.0,679.34,
161,Judith Perez,2024-05-01,Tablet,,206.73,South
162,Mark Flores,2023-10-10,Smartphone,6.0,887.88,West
163,Anthony Hansen,2024-04-23,Mouse,5.0,834.89,South
164,John Cooper,2024-04-28,Tablet,6.0,109.97,East
165,John Henderson,2023-12-25,,10.0,907.79,
166,David Williams,2023-10-04,Tablet,7.0,851.19,East
167,David Farley,2024-07-15,Smartphone,,350.63,North
168,Barbara Bennett,2023-02-15,,1.0,66.1,
169,Kelly Johnson,2023-09-27,,6.0,215.87,North
170,Paul Buchanan,2024-11-07,Smartphone,8.0,674.56,East
171,Timothy Morrison,,Mouse,9.0,141.2,South
172,Sarah Tucker,2023-10-16,Tablet,,683.65,North
173,Lorraine May,2024-10-27,Keyboard,,357.79,West
174,Timothy Guerrero,2024-11-05,Tablet,8.0,386.98,
175,John Singleton,,Keyboard,,133.83,East
176,David Sanders,2024-11-02,Laptop,,730.8,South
177,Kenneth White,2024-09-28,Smartphone,,530.03,East
178,Michele Paul,,Keyboard,7.0,837.53,South
179,Andrew Chavez,2024-01-11,Mouse,6.0,856.0,
180,Bradley Osborne,,Smartphone,4.0,877.1,North
181,Anthony Watkins,2024-09-05,Mouse,2.0,98.38,
182,Kelly Sanford,2023-05-14,Keyboard,,986.39,West
183,Allison Petersen,2024-02-28,,3.0,187.96,North
184,Julia Wu,2024-05-19,Monitor,,438.58,West
185,Jacqueline Velasquez,2023-09-19,Keyboard,6.0,82.73,South
186,Eric Mcconnell,,,2.0,970.48,West
187,Leslie Evans,2024-01-09,,2.0,59.11,North
188,Hannah Johnson,2024-10-17,,7.0,602.73,West
189,David Hunter,2024-09-14,Mouse,,,East
190,David Roberts,,Smartphone,,144.0,North
191,Taylor Santana,2024-05-30,,2.0,719.01,West
192,Stacy Lee,2023-01-29,Laptop,6.0,177.63,East
193,Erika Bell,,Keyboard,,441.68,West
194,Jerry Bowers,2023-01-29,,,476.12,West
195,Mr. Jesse Espinoza MD,2023-07-06,,,183.01,North
196,Keith White,2023-05-22,Laptop,6.0,537.25,
197,Anthony Galloway,2024-01-11,Keyboard,1.0,324.72,
198,John Allen,2024-10-07,Tablet,,697.24,East
199,Michelle Christian,,Smartphone,10.0,,South
200,Susan Jones,2024-02-21,Mouse,,220.05,
201,Anna Chan,2023-08-16,Keyboard,5.0,,South
202,Mark Murphy,2023-03-11,Smartphone,,79.01,North
203,Zachary Ritter,2024-10-17,Laptop,5.0,394.88,
204,Steven Evans,,Keyboard,6.0,464.67,South
205,Pam Allen,2023-09-01,,,335.92,South
206,Leslie Mccarthy,,,1.0,138.28,North
207,Amy Fox,2024-02-15,Laptop,,717.19,North
208,Eddie Glenn,2023-03-27,Tablet,3.0,348.43,North
209,Lee Mcdonald MD,,Mouse,8.0,537.45,
210,Maria Carson,2024-07-08,Mouse,3.0,737.89,
211,Jennifer Mccullough,2023-01-29,,,851.42,
212,John Mcdaniel,2023-01-31,Keyboard,,289.15,North
213,Christopher Young,2024-08-19,Laptop,,507.22,South
214,Jordan Martin,2024-04-01,Laptop,,999.15,South
215,Robert Mendoza,2023-07-18,Monitor,,933.0,East
216,Rhonda Gentry,2024-05-12,Keyboard,,680.26,East
217,Amy Davis,2023-02-10,Keyboard,,205.17,West
218,Shawn Barker,,Keyboard,,878.86,North
219,Roger Miller,2024-10-13,Tablet,8.0,266.9,West
220,Bridget Rhodes,2023-05-04,Monitor,5.0,751.15,
221,Alec Good,2023-11-17,Tablet,4.0,246.01,West
222,Jessica Shepherd,2024-05-20,Smartphone,,829.56,North
223,Christina Bryant,2023-10-05,Keyboard,7.0,150.54,West
224,Robert Bridges,2024-08-17,Tablet,10.0,279.82,South
225,Beth Bartlett,2023-04-28,,4.0,131.13,East
226,Thomas Roberson,2024-07-25,Mouse,,94.41,West
227,Elizabeth Smith,2022-12-22,Monitor,,807.66,East
228,Elizabeth Walsh,2023-01-21,Smartphone,,618.92,
229,David Herrera,2023-03-04,Smartphone,3.0,306.94,North
230,George Wright,2024-12-04,Mouse,,142.74,North
231,Jennifer Anderson,2023-10-12,Smartphone,10.0,270.59,South
232,John Warner,2024-07-06,,9.0,426.47,North
233,Levi Tucker,2024-04-27,Mouse,,490.31,North
234,Jacob Joyce,2023-07-03,Smartphone,3.0,643.9,East
235,Melody Thompson,2024-01-05,,6.0,573.55,West
236,George Ortiz,2023-02-11,,10.0,660.83,East
237,Julia West,2024-09-08,Mouse,3.0,244.28,South
238,Michael Hicks,2023-09-19,Keyboard,1.0,,South
239,Patricia Barrett,2023-05-10,,6.0,751.26,South
240,Greg Owens,,Laptop,,969.65,North
241,Tyler Fernandez,2024-08-06,Smartphone,5.0,879.53,South
242,Beverly Lewis,2024-01-30,Keyboard,3.0,527.76,South
243,James Tate,2024-03-29,Tablet,,901.63,West
244,Dennis Wilson,2024-10-07,Smartphone,,577.12,North
245,Jennifer Brown,2024-03-13,,7.0,321.75,North
246,John Adams,2024-09-26,Mouse,6.0,881.33,East
247,Eric Schwartz,2023-11-05,Monitor,7.0,79.49,North
248,Matthew Stewart,2023-04-02,,,170.79,West
249,Mike Ewing,,,3.0,550.06,North
250,Emily Jones,2024-07-04,,,214.39,South
251,Anita Ruiz,,Monitor,3.0,944.06,
252,Michael Hawkins,2023-12-04,Keyboard,4.0,197.64,
253,Jeffrey Brown,2024-02-29,Laptop,8.0,404.18,East
254,Denise Carney,2023-01-19,Monitor,8.0,823.79,West
255,Christina Bowman,2023-08-26,,4.0,,West
256,Jennifer Pope,2023-06-01,,1.0,838.08,
257,Michael Gentry,2023-08-29,Tablet,,663.38,West
258,Susan Mclaughlin,2024-01-29,,,486.21,
259,Ryan Carter,2022-12-15,Tablet,10.0,769.02,East
260,Samantha Porter,2024-06-12,,,99.68,West
261,Cody Cross,2024-05-26,Keyboard,2.0,274.55,West
262,Michael Anderson,2023-03-12,Tablet,1.0,991.43,North
263,Julian Garcia,2023-05-24,Tablet,,791.89,East
264,Anthony Perez,,Keyboard,,550.35,East
265,Erica Keller,2024-11-19,Laptop,3.0,603.19,North
266,Amy Ward,2024-06-23,Mouse,9.0,587.3,East
267,Justin Alexander,2024-04-28,Mouse,,537.09,East
268,Brianna Davis,2023-05-31,Smartphone,,124.32,
269,Shannon Vega,2024-08-28,Keyboard,1.0,267.12,East
270,Maria Gutierrez,2024-03-20,Monitor,,507.19,
271,Jessica Reynolds DDS,2023-04-11,Smartphone,,260.31,North
272,Sarah Small,2024-01-15,Mouse,,119.64,South
273,Gerald Hernandez,2023-08-23,Keyboard,,363.6,North
274,Angela Gardner,2023-10-30,Tablet,,782.03,East
275,Ryan Gross,,Laptop,1.0,265.33,West
276,Kristi Stewart,2024-11-17,Monitor,9.0,751.43,East
277,Erik Ross,2022-12-31,,,580.79,East
278,Richard Harvey,2024-03-20,Tablet,3.0,621.92,West
279,Jodi Love MD,2023-04-17,Tablet,,829.16,East
280,Brittany Booker,2024-03-14,Laptop,4.0,490.47,South
281,Crystal Williamson DDS,2024-04-30,Monitor,,69.34,West
282,Jeffrey Moon,2024-06-12,Monitor,9.0,450.42,West
283,Holly Horne,2023-08-23,Laptop,2.0,69.89,East
284,Timothy Odonnell,2023-07-21,Mouse,,262.77,East
285,Susan Preston,2023-09-14,Laptop,,92.33,
286,Jessica Contreras,2023-09-11,Monitor,,364.8,East
287,Eric Brock,2023-10-07,Tablet,2.0,621.52,South
288,Thomas Rogers,2024-01-23,,,621.11,South
289,John Sanders,2024-08-13,Smartphone,10.0,789.54,South
290,Mrs. Donna Barrera,2023-10-03,Smartphone,6.0,971.04,West
291,Teresa Fletcher,2024-11-01,Monitor,7.0,969.6,South
292,Melissa Kaiser,2024-07-04,Monitor,,185.83,West
293,Phillip Walker,2024-07-04,Mouse,8.0,876.56,North
294,Cynthia Humphrey,2024-09-30,Tablet,,618.54,North
295,Daniel Walters,2024-07-27,Tablet,,366.81,North
296,Beth Leach,2024-10-10,,,987.96,West
297,Mr. Mario Nelson DVM,,Tablet,9.0,604.01,East
298,Christopher Welch,,Mouse,8.0,865.82,South
299,William Lawson,2024-04-06,Monitor,,159.26,South
300,Christopher Conner,,Smartphone,2.0,417.18,North
301,Brian Gill,2023-02-25,Smartphone,,265.44,West
302,James Taylor,2024-09-24,Laptop,2.0,740.27,South
303,Barbara Allison,2024-06-05,Tablet,,627.34,South
304,Linda Robles,,Laptop,,230.26,West
305,John Myers,,Monitor,,185.82,
306,Vanessa Gray,2023-01-30,Smartphone,9.0,397.02,East
307,Olivia Wood DVM,2024-11-22,Mouse,,100.92,West
308,Wayne Hernandez,2023-10-20,,10.0,217.45,
309,Mr. Patrick Henry,2024-08-30,Mouse,8.0,697.97,North
310,David Young,2023-11-15,Keyboard,,70.7,North
311,Tammy Lowe,2024-06-23,Laptop,,933.95,West
312,James Williams,2023-05-26,Keyboard,,992.35,
313,Sarah Graves,,Laptop,,713.78,South
314,Mr. Michael Payne,2023-05-06,Laptop,8.0,259.58,West
315,Stephen Dunn,2024-03-17,Laptop,,116.19,
316,Richard Shaw,,Smartphone,,990.43,West
317,Jessica Morales,2024-10-01,Keyboard,,112.56,North
318,John James,2023-07-21,Keyboard,9.0,619.21,East
319,Linda Wells,2024-02-03,Mouse,6.0,751.22,South
320,Erin Lopez,2024-07-11,Laptop,8.0,156.56,
321,Carl Valdez,2023-04-08,Laptop,5.0,832.83,
322,Diana Lewis,2023-09-23,Keyboard,8.0,129.09,North
323,Anthony Buchanan,2023-08-23,Monitor,9.0,881.0,South
324,Kimberly Valdez,2024-04-30,Laptop,,681.16,South
325,Rebecca Brown,2023-12-11,Keyboard,9.0,759.27,West
326,Brian Mckenzie,2023-11-26,,5.0,903.71,East
327,James Miller,2023-11-10,Tablet,7.0,703.59,West
328,Joel Li,2023-08-04,Laptop,9.0,200.75,
329,Jennifer Adams,2023-05-31,Monitor,9.0,437.89,North
330,Michael Wilson,,Monitor,,173.04,South
331,Kimberly King,2024-04-12,,1.0,428.47,
332,Gina Williams,2024-07-28,Laptop,2.0,58.17,East
333,Kimberly Walsh,2023-07-20,Monitor,2.0,834.67,
334,Jeffrey Lopez,,Keyboard,8.0,808.25,North
335,Dana Delacruz,2024-04-18,Laptop,,215.18,East
336,Lindsay Cain,2024-07-25,Tablet,,59.78,South
337,Rebecca Mckenzie,2023-08-23,Tablet,,820.19,
338,Dr. Megan Adams,2024-09-12,Tablet,2.0,646.43,East
339,Daniel Johnson,2023-05-10,Smartphone,,322.8,West
340,Marie Romero,2023-05-07,Tablet,,974.48,North
341,Jason Morales,2023-12-17,Keyboard,9.0,926.72,East
342,Stephanie Davidson,2024-05-06,Mouse,1.0,108.91,East
343,Thomas Morris,2024-03-25,Smartphone,,350.01,South
344,James Austin,2023-05-30,Monitor,,695.61,South
345,Christina Carter,2023-09-14,Laptop,,701.22,North
346,Daniel Mooney,2023-02-02,Mouse,,,South
347,Alexis Erickson,2024-12-02,Tablet,1.0,93.17,East
348,Nicholas Owen,2023-02-20,Keyboard,,883.07,South
349,Jamie Holt,2022-12-29,Smartphone,5.0,643.04,
350,Matthew Mendoza,2024-04-01,,9.0,59.57,West
351,Kathleen White,2024-11-23,Keyboard,,,North
352,Mr. Brandon Roberts,2024-03-12,Mouse,,915.82,East
353,Andre Reed,2023-10-17,Keyboard,3.0,787.38,West
354,Jared Estrada,2024-05-22,,,162.34,South
355,Sarah Hernandez,2023-04-23,Mouse,,654.02,
356,Lisa Garner,2023-07-08,Tablet,,159.31,North
357,Caitlin Jacobs,,Tablet,,638.98,
358,Paul Malone,2023-05-25,Mouse,,491.36,East
359,Mariah Gonzales,2024-08-19,Mouse,,521.16,South
360,Jason Dougherty,2024-06-12,Laptop,10.0,216.81,West
361,James Walker,2024-11-16,Laptop,2.0,76.13,North
362,Bobby Buck,,Smartphone,5.0,467.54,West
363,Anna Dennis,2024-07-05,Monitor,6.0,179.38,
364,Sean Miller,2024-10-08,,10.0,757.2,
365,Matthew Hebert,2024-05-03,Laptop,10.0,534.94,South
366,Marvin Contreras,2024-06-22,Mouse,,992.44,
367,Susan Reid,2024-03-07,Smartphone,2.0,165.83,East
368,Anita Chen,2023-04-10,Keyboard,7.0,837.71,
369,Stephanie Warren,2023-01-26,Smartphone,,616.7,East
370,Kimberly Jennings,2023-12-16,Keyboard,,145.54,
371,Briana Byrd,2023-09-23,Keyboard,7.0,284.7,East
372,Janice Wheeler,2023-07-17,Smartphone,5.0,561.73,East
373,Gregory Cowan,2024-04-29,Keyboard,,140.26,East
374,Alyssa Gross,2024-08-24,Mouse,,996.12,West
375,Kimberly Nelson,2023-11-04,Laptop,5.0,535.61,
376,Valerie Morris,2023-11-29,Monitor,,179.13,East
377,Michael Ross,2023-08-07,Keyboard,,732.51,North
378,Nicole Houston,2024-07-26,Keyboard,9.0,429.2,West
379,Tabitha Price,2023-02-21,,3.0,809.56,East
380,Bridget Reed,2022-12-08,Mouse,4.0,585.19,North
381,Bradley Johnson,2024-07-06,Smartphone,7.0,,North
382,Derrick Williams,2023-10-29,Smartphone,,712.94,
383,Brittany Ramirez,2023-08-20,Mouse,,561.95,South
384,Alexis Evans,2024-03-15,Laptop,8.0,412.75,East
385,Lisa Davis,2022-12-10,Smartphone,1.0,647.45,North
386,Corey Lozano,,Tablet,1.0,184.24,
387,Sarah Clark,2024-06-17,Tablet,10.0,738.82,East
388,Matthew Woodard,2023-06-17,Laptop,,339.91,West
389,Nicholas Christensen,2024-08-25,Laptop,,458.79,North
390,Kimberly Tucker,2024-08-16,Mouse,,456.0,East
391,Angela Morgan,2023-01-09,Laptop,,980.63,South
392,Jason Burton,2023-08-25,Monitor,,595.04,East
393,Jacob Williams,2024-03-06,Laptop,2.0,,East
394,Katherine Ellis,2024-05-26,Mouse,,146.9,North
395,Brett Baldwin,2024-07-28,Monitor,5.0,381.11,East
396,James Allen,,Laptop,,145.56,West
397,Ryan Boyd,2024-10-18,,,395.04,North
398,Curtis Jensen,,,,573.16,North
399,Amanda Miller,2024-08-28,Monitor,5.0,449.32,East
400,Christopher King,2024-10-20,Smartphone,,900.54,South
401,Carol Cook,2023-06-15,Tablet,,934.43,West
402,Lisa Turner,2023-08-31,Keyboard,2.0,688.46,South
403,Timothy Padilla,2023-06-14,Smartphone,,769.48,
404,Kayla Hunter,2024-07-19,Monitor,,856.67,
405,Christina Butler,2024-06-20,Tablet,1.0,693.39,
406,Christine Mccormick,2023-11-06,Laptop,2.0,,West
407,Charles Johnson,2024-09-22,Monitor,4.0,140.54,East
408,Cassandra Stewart,2023-05-15,Tablet,5.0,134.72,West
409,Tyrone Johnson,2023-11-17,Monitor,,115.9,East
410,Jacob Powell,2023-08-10,Keyboard,,900.79,East
411,Amy Meadows,2023-01-27,Smartphone,9.0,915.83,East
412,Elizabeth Jackson,2024-11-01,,,712.7,East
413,Michelle Fuller,2024-06-03,Mouse,6.0,,East
414,Kelly Walker,2023-12-14,Keyboard,6.0,898.4,
415,Jennifer Flores,2023-03-27,Keyboard,,405.55,West
416,Michelle Morrison,2023-11-18,Keyboard,8.0,446.32,South
417,Jeremiah Martinez,2024-01-23,Tablet,,410.4,West
418,Vanessa Quinn,2023-07-08,Smartphone,7.0,158.84,East
419,Susan Harris,2023-12-16,Mouse,,119.9,East
420,Tommy Jordan,2024-09-23,Laptop,6.0,283.79,North
421,Christine Stokes,2023-04-13,Mouse,,755.33,West
422,Katherine Ewing,2024-08-13,Mouse,,568.1,
423,Shelley Foley,2024-03-07,,,686.2,West
424,Bryan King,2024-08-21,Smartphone,,73.94,
425,Kenneth Lopez,2023-04-30,Smartphone,,324.99,West
426,Bradley Ellis,2023-10-04,Mouse,,993.52,South
427,Sheila Lee,2023-08-14,Tablet,1.0,187.34,
428,Margaret Charles,2023-07-05,Keyboard,,923.54,West
429,Ellen Johnson,2023-05-10,Monitor,,54.62,West
430,Amanda Martinez,2024-01-30,Mouse,,173.48,North
431,Jacqueline Dorsey,2023-08-29,Laptop,5.0,891.35,South
432,Mark Jacobs,,Smartphone,7.0,394.44,South
433,Brenda Beasley,2024-08-07,Tablet,,420.57,West
434,Jacob Yu,2024-11-19,,5.0,,East
435,Brandi Spears,2024-11-30,,2.0,561.61,
436,Lisa Nielsen,2024-05-08,,6.0,708.59,North
437,Joshua Phillips,2024-03-30,Smartphone,,324.92,
438,David Short,2024-10-09,Keyboard,2.0,598.84,North
439,Jordan Jordan,2024-01-16,Laptop,,,South
440,Erika Lewis,2024-03-31,Keyboard,,916.28,North
441,Abigail Torres,2023-09-12,Mouse,2.0,810.93,South
442,Gabriel Lewis,2024-04-29,Monitor,2.0,999.3,
443,Melissa Pruitt,2023-04-21,,,336.68,West
444,Mrs. Sara Lindsey,2024-07-18,Tablet,,100.36,North
445,Joshua Harvey,,Keyboard,6.0,705.08,
446,Logan Thomas,2023-04-13,Monitor,,350.95,South
447,Amy Sanders,2023-11-06,Laptop,4.0,145.6,West
448,Christopher Davis,2023-06-02,Monitor,,176.58,South
449,Jennifer Murphy,2024-03-30,Keyboard,3.0,923.93,South
450,Angela Riggs,2023-07-12,Monitor,5.0,520.37,
451,Nancy Adams,2023-12-22,,6.0,274.63,North
452,Sherry Lopez,2024-08-12,Laptop,5.0,267.84,North
453,Emily Powell,2024-01-24,Smartphone,,949.45,South
454,Lisa Knight,2023-11-01,Keyboard,,985.74,East
455,Brian Goodman,,Tablet,,629.53,
456,Patricia Johnson,2024-03-26,Keyboard,3.0,303.62,East
457,David Jones,2023-11-13,Keyboard,,786.51,South
458,John Graham,2023-10-20,Laptop,,981.2,West
459,Wesley Gill,2023-02-21,Monitor,,451.31,West
460,Samantha Foster DVM,2024-07-12,Keyboard,3.0,192.03,West
461,Leslie Taylor,,Mouse,2.0,958.36,West
462,Sean Thompson,2024-02-25,Mouse,10.0,424.6,North
463,Jessica Pruitt,2024-01-23,Smartphone,8.0,90.61,North
464,Mrs. Melanie Bowers,2023-10-28,Tablet,,930.86,West
465,Lucas Pruitt,2023-10-22,Mouse,,88.58,North
466,Melissa Edwards,2024-08-03,Tablet,7.0,494.78,South
467,Aaron Beck,2023-05-26,Tablet,1.0,171.06,
468,Carol Bush,2023-01-25,Mouse,,788.11,
469,Rachel Adams,2023-11-24,,4.0,447.07,West
470,Michael Smith MD,2023-03-28,Keyboard,6.0,442.86,
471,Danielle Delgado,2024-12-02,Tablet,2.0,634.28,South
472,Kara Mendez,2023-08-20,Monitor,6.0,318.09,
473,John Brewer,2023-05-04,Monitor,2.0,582.76,West
474,Patricia Edwards,2023-08-02,Monitor,,,
475,Christopher Francis,2024-02-05,Keyboard,,640.58,South
476,Sierra Hancock,2022-12-16,Laptop,7.0,274.33,
477,Jessica Ruiz,2024-04-29,Monitor,4.0,926.97,East
478,Shane Mccormick,,Mouse,,991.44,North
479,Michael Stanley,2023-06-21,Smartphone,,167.56,North
480,Leslie Sanders,2023-01-09,Tablet,,805.17,West
481,John Bell,2023-09-13,Keyboard,4.0,777.9,West
482,Matthew Melendez,2023-08-14,Mouse,7.0,96.69,West
483,Ashley Lewis,2023-03-30,,5.0,197.06,West
484,Timothy Boone,2024-06-22,,,901.68,
485,Stephanie Myers,2024-11-13,Laptop,,533.68,East
486,Marilyn Mayer,2022-12-15,Monitor,10.0,611.14,South
487,David Bentley,2023-04-10,Keyboard,,798.15,
488,Jacqueline Baxter,2024-10-09,,,753.6,West
489,Peter Taylor,2023-10-18,Mouse,,230.1,West
490,David Bennett,2023-04-26,Tablet,,168.47,West
491,Lori Cole,,,4.0,665.27,
492,Michael Hoover,2023-12-19,Tablet,,303.3,South
493,Benjamin Davis,2023-10-08,Tablet,7.0,382.29,
494,Donna Ferguson,2024-03-22,,8.0,158.79,East
495,Christy King,2023-02-24,Laptop,,631.5,North
496,Randy Knapp,2023-01-04,Keyboard,,366.44,West
497,Zachary Martinez,2023-12-22,Monitor,,810.61,West
498,Patrick Miller,2023-07-28,Smartphone,,780.38,North
499,Nicholas Morrison,2024-03-19,Laptop,3.0,594.55,East
500,Brian Salazar,2023-08-30,Tablet,4.0,864.97,East
501,Kelly Spencer,2024-08-15,Keyboard,3.0,529.89,
502,Daniel Reynolds,2023-06-11,Laptop,,418.18,
503,Michael Chaney,,Tablet,,787.93,
504,Dawn Jenkins,2024-02-17,Smartphone,,858.72,South
505,Keith Schwartz,2024-08-22,Tablet,2.0,,South
506,Sarah Hayes,2024-04-18,,,86.25,South
507,Jeffrey Perry,2023-09-26,Mouse,,794.12,East
508,Carolyn Boyle,2023-11-13,Smartphone,4.0,427.96,South
509,Bryan Travis,2023-03-16,Monitor,2.0,186.48,East
510,James Spencer,2024-09-17,Laptop,,391.17,West
511,Kristine Mills,2024-10-20,Monitor,5.0,544.08,North
512,William Edwards,2023-12-15,Mouse,,66.68,East
513,David Zhang,2024-01-26,Mouse,,690.1,West
514,Amy Thomas,2023-07-23,,6.0,218.16,
515,Cody Bennett,2023-06-15,Monitor,8.0,751.84,North
516,Michael Lopez,,Mouse,6.0,,East
517,Henry Young,2023-04-25,,,883.15,East
518,David Williams,2024-08-17,Keyboard,,327.75,North
519,Bradley Taylor,2023-06-04,Laptop,4.0,970.98,West
520,Stephanie Martin,2023-05-16,Tablet,4.0,181.33,
521,Jonathan Jones,,Mouse,,950.24,West
522,Andrew Lin MD,2024-09-04,Monitor,2.0,168.88,North
523,Brandy Cook,2023-07-26,,,56.5,North
524,Brenda Rogers,2024-08-29,Smartphone,8.0,714.59,South
525,Alyssa Perez,2023-07-22,Mouse,,517.92,
526,Frank Chavez,2023-05-28,Keyboard,,139.95,West
527,Samantha Wright,,Keyboard,,,West
528,Beth Sanford,2023-01-08,Keyboard,8.0,918.48,West
529,Michael Miller,2023-05-17,,1.0,924.38,South
530,Barbara Torres,2023-06-15,Smartphone,10.0,538.65,North
531,Kimberly Burns,2024-11-29,Monitor,,124.52,
532,Stephen Caldwell,2023-09-08,,1.0,148.38,North
533,Ryan House DDS,2024-03-05,Tablet,,451.68,
534,Jacob Roberts,2024-03-30,Tablet,5.0,760.86,South
535,Benjamin Flores,2023-12-02,Keyboard,3.0,824.25,North
536,Andrea Rodriguez,2023-11-03,,1.0,704.27,South
537,Donald Snyder,2023-09-30,Keyboard,,506.29,North
538,Shawna Wilkerson,,Tablet,,414.93,East
539,Brooke Morales,2024-06-08,,10.0,510.34,West
540,Juan Armstrong,2024-05-24,Smartphone,,,East
541,David Lowery,2023-12-01,Laptop,3.0,,
542,Adrienne Bush,2023-05-31,Mouse,,425.47,
543,Michael Green,2023-04-19,,7.0,245.81,West
544,Brandon Singleton,2024-11-13,Monitor,,900.76,West
545,Kevin Gomez,2024-02-03,Mouse,7.0,428.68,South
546,Lisa Greene,2024-07-24,Keyboard,,442.63,North
547,Tanner Wood,2023-12-12,Laptop,9.0,,
548,Eric Hampton,,Keyboard,10.0,724.21,South
549,Sandra Richards,2023-05-04,Monitor,2.0,616.49,North
550,Amanda Holt,2023-12-24,Tablet,,800.02,West
551,Dawn Clark,2024-09-03,Mouse,3.0,601.17,
552,Tammy Schneider,2023-05-13,Keyboard,1.0,896.35,North
553,Melissa Martin,2024-02-01,Monitor,,426.69,East
554,Sarah Hamilton,2023-07-22,Mouse,,327.15,
555,Phillip Anderson,2024-02-27,Tablet,3.0,332.37,
556,Rebecca Phelps,2023-05-30,Laptop,4.0,699.82,South
557,Chelsea Miller,,Mouse,,740.8,
558,Brandon Bryan,2024-04-05,Monitor,,937.09,South
559,Douglas Robbins,2023-11-09,Tablet,5.0,653.68,West
560,Taylor Medina,2024-07-22,Laptop,6.0,680.49,North
561,Shannon Anderson,2023-06-08,Tablet,,144.74,South
562,Stephanie Watts,2023-02-21,Mouse,2.0,716.66,East
563,Amanda Romero,2023-02-19,Tablet,8.0,81.35,West
564,Heather Garza,2023-03-22,Tablet,3.0,814.42,South
565,Courtney Parker,2023-04-07,Monitor,,678.09,East
566,Dawn Vance,2024-07-15,Tablet,,687.63,South
567,David Mosley,2023-12-17,Smartphone,4.0,374.95,West
568,Jeremiah Romero,2024-10-21,Mouse,3.0,166.05,West
569,Jennifer Andrade,2023-06-30,Tablet,8.0,303.24,East
570,Michael Rivas,,Smartphone,,619.57,South
571,Brent Riggs,2023-06-24,Mouse,6.0,214.38,East
572,Pamela Garcia,2023-02-01,Smartphone,8.0,802.16,West
573,Christopher Walton,2024-10-06,,,437.85,West
574,Jamie Jackson,,Laptop,6.0,249.88,South
575,Kathleen Hubbard,2023-12-02,,,342.24,South
576,Ronald Sanders,2022-12-19,,,802.19,South
577,Jonathon Foster,2024-07-08,Smartphone,9.0,73.63,East
578,Katie Norris,2024-10-10,Mouse,,980.47,West
579,Sharon Higgins,2023-03-12,,,101.13,North
580,Kevin Cox,,,7.0,157.76,
581,Matthew Dillon PhD,2023-01-05,Keyboard,,436.46,
582,James Williamson,2023-09-05,Smartphone,,837.11,
583,Kimberly Wilson,2023-01-31,Tablet,3.0,313.86,South
584,Jennifer Hernandez,2024-07-14,,,751.6,
585,Aaron King,2023-11-22,Laptop,,,West
586,Kathleen Anderson,2023-03-26,Tablet,,824.61,South
587,Daniel Newton,,Laptop,,557.05,East
588,Kathryn Johnson,2023-11-27,Keyboard,10.0,375.8,West
589,James Rogers DDS,2024-09-02,Keyboard,,787.39,
590,Sheila Collins,2023-06-14,,4.0,920.62,East
591,Reginald Thompson,2024-07-12,Mouse,,590.67,South
592,Zachary Malone,2023-06-24,,2.0,,West
593,Charles Jackson,2024-06-06,Laptop,2.0,409.93,North
594,Marcia Ellison,,Tablet,8.0,574.11,West
595,Jeffrey Diaz,2024-11-07,Keyboard,6.0,188.91,
596,Lisa Gonzales,2023-12-05,Smartphone,,,East
597,Haley Ford,,Smartphone,3.0,661.32,East
598,Tonya Gilmore,2024-08-12,Mouse,3.0,323.62,
599,Daniel Taylor,2024-07-05,Tablet,,198.87,
600,Victor Murphy,2023-05-27,,,573.94,East
601,Trevor Graves DVM,2024-08-24,Keyboard,4.0,721.02,South
602,Jeffrey Odonnell,2023-02-25,,5.0,,West
603,Antonio Soto,2023-02-19,Monitor,8.0,455.52,South
604,Brittany Anderson,2023-12-20,Monitor,6.0,324.27,
605,Richard Cox,2023-12-22,Laptop,5.0,206.33,
606,Mr. Kevin Rodriguez,2024-06-14,Smartphone,8.0,408.06,
607,Thomas Yang,2023-01-18,Laptop,,430.43,
608,Tony Ortiz,2024-07-25,Mouse,7.0,723.12,
609,Kelly Spencer,2024-03-10,Tablet,2.0,196.98,East
610,Elizabeth Brooks,2023-03-16,,,880.14,
611,Ashley Marks,2024-09-20,Monitor,1.0,878.1,North
612,Andrew Klein,2023-06-03,Keyboard,10.0,953.94,North
613,Amanda Thomas,2023-05-01,Monitor,,625.93,
614,Mary Lee,2023-03-06,Smartphone,9.0,827.43,
615,Thomas Hudson,2023-05-14,Smartphone,3.0,101.11,
616,Phillip Lopez,2024-02-14,Keyboard,6.0,515.42,North
617,Ronald Wilson,2023-11-07,Keyboard,1.0,988.49,North
618,Curtis Lee,,Mouse,3.0,354.39,South
619,Eric Green,2024-03-24,Monitor,4.0,496.4,West
620,Ronald Ellis,2024-05-06,Keyboard,,538.59,North
621,Maria Pham,2023-06-05,Keyboard,5.0,196.7,East
622,Mckenzie Harrell,2023-08-07,Mouse,,696.68,
623,Cynthia Cooley,2024-01-27,Tablet,,653.51,West
624,Stephanie Stevens,2024-03-11,Keyboard,,906.75,South
625,Matthew Sellers,,,1.0,624.16,South
626,Hannah Ryan,,Mouse,,858.81,South
627,Ashley Willis,2024-05-28,Laptop,4.0,649.92,East
628,Cassidy Lee,,,1.0,196.42,North
629,Jeffrey Brown,2023-02-01,Mouse,,823.21,
630,John Smith,2024-05-11,Laptop,10.0,973.08,East
631,Mark Smith,2023-02-01,Monitor,,924.19,North
632,Dr. Shelby Carey,2023-02-06,Monitor,2.0,854.02,
633,Alexis Rowland,2024-05-24,Monitor,10.0,849.73,North
634,Erica Stokes,2023-05-29,Monitor,,,North
635,Angela Smith,2023-04-24,Monitor,7.0,377.82,West
636,Maria Blake,2024-05-15,Mouse,,814.35,South
637,Angela White,2023-11-30,Tablet,,944.67,North
638,Jacob Patrick,,Smartphone,,568.28,East
639,Michael Irwin,2023-11-13,Laptop,,,
640,Lucas Wright,2024-07-20,Monitor,,664.67,North
641,Dwayne Smith,2023-08-25,Keyboard,7.0,587.18,
642,Jordan Dean,,Keyboard,,800.55,North
643,Joel Cameron,,Laptop,,719.29,
644,Whitney Peterson,2024-05-28,Monitor,6.0,462.64,North
645,Daniel Price,,Mouse,4.0,259.69,East
646,Raymond Jackson,2024-07-16,Tablet,1.0,79.39,South
647,Alan Woods,2024-01-11,,,649.23,South
648,Kathy Nguyen,2023-11-10,,,912.97,West
649,Philip Austin,2024-08-14,Laptop,,674.64,East
650,Tara Johnson,2024-12-06,Smartphone,,868.96,
651,Anne Buchanan,2024-06-22,,6.0,797.04,South
652,Cheryl Moore,2024-07-11,Mouse,,155.75,
653,Mr. Andre Briggs,2024-06-23,Laptop,8.0,383.56,North
654,Joshua Williams,2024-05-21,Smartphone,,795.69,East
655,Connor Campbell,2023-02-28,Tablet,5.0,728.28,East
656,Emily Perry,2023-09-17,Monitor,4.0,684.3,South
657,Marissa Black,2024-08-27,Mouse,5.0,332.84,North
658,Mike Thomas Jr.,2024-06-14,Monitor,9.0,795.5,North
659,Michael Dunlap,2023-05-24,,,280.48,
660,Marvin Boyd,2024-11-28,,6.0,367.57,North
661,Ronald Horne,2023-04-23,Tablet,,944.96,South
662,Zachary Haynes,2024-04-05,Tablet,,308.3,North
663,Scott Pena,2023-10-28,Mouse,3.0,724.06,West
664,Steven Brooks,2023-02-02,Smartphone,3.0,880.55,North
665,Summer Berry,2023-02-25,,,595.86,East
666,Mr. Walter Williams,2024-11-24,Laptop,5.0,910.92,North
667,Wesley Ramirez,2024-10-31,Smartphone,3.0,113.93,South
668,Linda Pierce,,Laptop,5.0,569.77,South
669,Robert Cook,2023-02-10,Tablet,,328.89,
670,Daniel Winters,2023-02-21,Mouse,,563.49,South
671,Stephanie Gordon,2024-06-26,Smartphone,,383.48,South
672,Louis Larson,2022-12-14,Monitor,2.0,686.62,South
673,Anne Travis,2022-12-29,Mouse,9.0,277.93,
674,Jennifer Davis,2023-03-03,,,268.08,East
675,Karen Hunter,,Monitor,7.0,369.33,North
676,Megan Taylor,,Keyboard,,145.99,
677,Gabriel Spence,2023-04-24,Keyboard,1.0,345.21,
678,Mark Kelly,2024-02-27,,7.0,977.13,South
679,James Daniels,,Laptop,,287.19,South
680,Nancy Jacobson,2024-08-20,Keyboard,,249.1,South
681,Daniel Kelly,2024-01-17,Smartphone,,910.06,North
682,Michael Allen,2023-11-20,Tablet,,567.24,
683,Joseph Hodge,2024-01-27,Smartphone,10.0,162.92,North
684,Arthur Bailey,2023-10-11,Keyboard,,700.95,East
685,Rhonda Hodge,2023-07-28,,7.0,557.18,West
686,Alyssa Williams,2023-12-03,Monitor,,500.94,East
687,Mary Fitzgerald,2023-01-17,Mouse,,306.99,
688,Darlene Chandler,2024-03-07,Mouse,,994.76,North
689,Melissa Mcdonald,,,,521.55,
690,Ellen King,2023-07-26,Laptop,,838.21,West
691,John Hatfield,2023-11-07,Tablet,,934.06,East
692,Michael Wood,2023-03-23,Mouse,,653.21,East
693,Kelly Wood,2024-08-13,Keyboard,,651.0,
694,Melanie Walker,,Laptop,3.0,757.45,North
695,Ryan Walker,,,5.0,573.04,South
696,Sandy Klein,2023-06-24,Laptop,,816.3,West
697,Patricia Miles,2023-01-26,Keyboard,,,
698,Brian Kaufman,2022-12-08,Laptop,,,East
699,Mark Zimmerman,2024-04-25,Mouse,3.0,243.78,West
700,Jamie Hampton,2023-02-05,Keyboard,,202.68,West
701,Courtney Rodriguez,2023-07-14,Mouse,,442.6,
702,Michelle Avila,2023-12-31,Tablet,,972.92,East
703,Mrs. Stephanie Hernandez DVM,2023-07-23,Mouse,,847.0,West
704,Patricia Taylor,,,,581.26,West
705,James Mcconnell,2023-02-09,Smartphone,,844.96,East
706,Phillip Spencer,2023-10-06,Monitor,2.0,,South
707,Denise Stuart,2023-09-06,Smartphone,8.0,912.14,South
708,Madison Rogers,,,,834.6,South
709,Michael Nelson,2024-01-06,Mouse,9.0,512.06,South
710,Kayla Patterson,2023-01-15,Monitor,,121.83,West
711,Isaiah Hayes,2024-06-26,Keyboard,7.0,990.82,
712,Mark Smith,2024-03-19,,,561.19,
713,David Sanders,2024-10-02,Laptop,6.0,302.05,North
714,Taylor Christian,,Tablet,,327.65,East
715,Charlene Jones,2023-07-22,Monitor,,787.4,East
716,David Payne,2024-06-30,Smartphone,5.0,91.18,West
717,Jennifer Ward,2023-03-14,Monitor,4.0,183.98,East
718,Nicholas Carey,2024-04-01,Mouse,,292.31,South
719,Jamie Salazar,2024-01-07,,,891.25,East
720,James Shelton,2024-06-05,Smartphone,,475.51,North
721,Amy Hall,2024-02-08,Tablet,7.0,258.82,South
722,Michael Conner,2024-05-15,Laptop,10.0,444.99,East
723,Sonia Adams,2023-03-05,Tablet,7.0,361.63,West
724,David Blackburn,2023-12-13,Mouse,,695.14,West
725,Mary Lee,2023-10-17,Monitor,7.0,549.11,
726,Stephen Acosta,2024-04-02,Keyboard,7.0,572.42,North
727,Sarah Avila,2024-07-17,,,593.55,North
728,Benjamin Sullivan,2023-07-14,Smartphone,1.0,434.06,
729,Michael Goodman,,Monitor,,719.87,West
730,Mary Petersen,2024-03-12,,,421.94,North
731,Edward Potts,2024-01-30,Smartphone,3.0,394.53,East
732,Erika Fowler,2023-09-08,Monitor,1.0,590.49,East
733,Samantha Hensley,2023-11-12,Mouse,,337.1,East
734,Stephanie James,2024-08-23,Tablet,,826.27,South
735,Angela Watkins,2024-03-27,,3.0,126.73,
736,Laura Smith,2023-11-25,,,201.0,North
737,Maria Johnson,2024-01-11,Tablet,2.0,473.44,
738,Kimberly Bell,2024-10-17,Laptop,7.0,832.92,
739,Kari Stokes,2023-06-25,,7.0,788.83,South
740,Leslie Hodges,,Mouse,9.0,606.74,South
741,Brandy Bailey,2023-06-27,Monitor,,744.71,West
742,Angela Barker,2023-07-16,Tablet,5.0,735.49,
743,Kimberly Mcguire,2023-08-30,Laptop,2.0,699.47,East
744,Tracy Lopez,2024-08-07,Tablet,9.0,253.81,North
745,Randy Clark,2023-12-01,Mouse,1.0,438.01,
746,Joshua Parker,,Keyboard,,523.89,South
747,Joseph Harrington Jr.,,Keyboard,3.0,323.2,West
748,Daniel Marshall,2023-06-22,Keyboard,2.0,297.1,
749,James Jimenez,2023-10-02,,,396.76,East
750,Shannon Allen,2024-07-29,Mouse,4.0,579.73,East
751,John Vargas,2023-10-06,Monitor,,894.44,
752,Morgan Gould,2024-11-18,Keyboard,,321.86,
753,David Porter,2023-06-07,Smartphone,2.0,763.99,North
754,Bobby Flynn,2022-12-17,,,934.53,West
755,John Kirk,2024-02-24,Mouse,3.0,452.94,East
756,Michael Robbins,2024-03-19,Keyboard,,471.6,South
757,Jennifer Nguyen,2023-06-28,Laptop,,973.29,West
758,Mark Estrada,2023-04-07,Smartphone,,102.91,East
759,Patrick King,2023-06-03,Laptop,10.0,730.88,
760,Lonnie Reynolds,,Tablet,,526.28,East
761,Tina Gomez,2023-12-14,Monitor,5.0,766.8,South
762,Olivia Gilbert,2023-04-05,Tablet,9.0,534.82,East
763,Austin Shepherd,2024-09-19,Mouse,5.0,170.75,East
764,Jerry Brown,2023-07-09,Monitor,,644.42,South
765,Sylvia Sullivan,2023-08-05,Keyboard,7.0,701.97,North
766,Melanie Moss,2023-08-04,Keyboard,8.0,473.68,South
767,Dr. Andrea Brown,2022-12-09,,,270.56,East
768,Dustin Johnson,,Tablet,,57.37,East
769,Kristin Terry,2024-03-22,Laptop,,310.02,South
770,Sarah Smith,2023-11-23,Tablet,2.0,932.67,South
771,David Benson,2023-04-26,Tablet,,,
772,Nicholas Steele,2023-06-07,,,980.59,West
773,Jennifer Young,,Monitor,,310.03,South
774,Carl Howard,2024-02-18,,10.0,832.88,South
775,Mr. Eric Cole Jr.,2024-06-01,Laptop,,340.48,North
776,Joanne Barnett,2023-05-19,Smartphone,,920.77,North
777,Robert Wood,2024-10-01,Mouse,,209.56,South
778,Michael Rich,2023-10-26,,,93.42,West
779,Luis Woods,2024-11-16,,10.0,384.43,
780,Samantha Owens,,Keyboard,7.0,,South
781,Jessica Cooper,2023-01-11,Tablet,1.0,664.37,North
782,Amber Mckenzie,2023-02-07,Keyboard,6.0,890.03,North
783,James Fox,2024-06-29,Laptop,8.0,888.63,West
784,Tara Bowers,2023-06-12,Mouse,,79.47,South
785,Jane Yates,,Smartphone,8.0,713.18,North
786,Daniel Graham,,Tablet,,448.4,
787,John Day,2024-02-13,Mouse,3.0,217.54,South
788,Katherine Gonzales,2024-04-07,Mouse,5.0,252.84,South
789,Donna Lin,2024-11-23,Mouse,,849.67,East
790,Michael Arroyo,,Smartphone,,714.45,North
791,Sean Torres,2024-07-02,Smartphone,,677.17,
792,Pamela Allen,2024-06-07,Smartphone,,669.39,North
793,Gary Lewis,2023-10-03,Keyboard,,833.52,
794,Mr. Manuel Harris,2024-04-10,Laptop,10.0,731.11,East
795,Robert Cooper,2023-08-17,Tablet,,350.96,North
796,Sarah Hopkins,2023-11-12,Smartphone,5.0,684.22,North
797,Brandi Smith,2023-11-09,Laptop,,960.55,
798,Michelle Collins,2024-02-04,Keyboard,7.0,753.51,South
799,Jacob Duncan,2024-07-16,Tablet,,960.1,East
800,Sheila Perez,2023-12-24,Monitor,2.0,220.25,West
801,Edward Perry,2024-05-08,Mouse,,878.6,South
802,Scott Thomas,2023-01-02,Laptop,1.0,770.28,North
803,Calvin Thompson,2024-05-06,Laptop,6.0,400.39,East
804,Marcus Gibson,2024-10-22,Tablet,4.0,226.0,East
805,Dr. Christopher Kelley,2024-11-27,Keyboard,,178.54,East
806,Jo Ellis,2023-10-27,Monitor,7.0,939.98,West
807,Hector Morgan,2024-05-14,Smartphone,,696.96,East
808,David Hernandez,2023-10-05,,,332.15,West
809,Madison Barnes,,Mouse,4.0,586.82,
810,David Allison,2024-03-17,Keyboard,,365.8,North
811,Ann Berry,2024-01-29,Monitor,,277.99,South
812,Kayla Wallace,2023-05-08,Laptop,7.0,366.38,
813,Wendy Allen,2023-02-07,,2.0,501.48,
814,John Osborn,2023-09-27,Tablet,8.0,652.4,South
815,Sandra Hanson,2024-11-15,Smartphone,3.0,457.42,North
816,Daisy Rowe,2024-04-24,Tablet,,661.79,East
817,Travis Pugh,,Mouse,4.0,757.35,West
818,Whitney Cooper,2023-09-05,Mouse,,609.99,
819,Sandra Bryan,2023-01-27,Tablet,1.0,556.28,
820,Anthony Cruz,2023-12-29,Smartphone,,523.23,
821,Laura Mills,2023-07-12,Mouse,,907.88,
822,Emily Brady,2023-01-21,Keyboard,4.0,798.6,East
823,Evelyn Mitchell,2023-12-15,Monitor,8.0,214.68,North
824,Madison Barr,2023-02-24,Tablet,,138.56,East
825,Christopher Sparks,2024-10-18,Tablet,2.0,772.88,West
826,Catherine Clark,2023-06-06,Keyboard,9.0,164.4,East
827,Earl Lindsey,2024-05-05,,,174.3,East
828,Jeremy Howard,2024-01-30,Mouse,,671.49,West
829,Luke Roberts,2024-11-03,Mouse,,559.96,East
830,Thomas Wiley,2023-02-04,Smartphone,,442.05,South
831,Karen Ward,2024-08-05,Mouse,,304.07,North
832,Danielle Garcia,2023-11-10,Laptop,5.0,541.41,West
833,Frederick Nichols,2024-05-08,,7.0,120.81,South
834,Sherri Hernandez,2024-11-13,Mouse,,681.07,North
835,William Jones,2023-05-17,Mouse,10.0,83.98,West
836,Shawn Perry,2023-05-01,Keyboard,,990.23,South
837,Bryan Mann,2024-05-07,Monitor,8.0,214.82,South
838,Joel Evans,2023-10-13,Keyboard,,964.2,
839,James Bruce,2023-05-21,Mouse,,477.38,North
840,Micheal Lynch,2023-03-12,Tablet,,939.54,West
841,Bryan Peterson,2024-06-10,Smartphone,,668.72,South
842,Douglas Hanson,2024-07-19,Tablet,,733.33,
843,Shelby Jones,2023-09-27,Tablet,6.0,283.91,South
844,Johnathan Mahoney,2023-02-27,Laptop,8.0,591.25,West
845,Kimberly Jenkins,2023-10-28,Tablet,,374.59,West
846,Jonathan Turner,2023-01-30,,,274.75,South
847,Elizabeth Miller,2023-10-19,,,879.09,
848,Richard Washington,2024-01-22,Monitor,,779.83,West
849,Sue Zamora,2024-02-11,Tablet,8.0,876.82,South
850,Jeffrey Mitchell,2024-01-07,Tablet,10.0,806.13,North
851,Jacob Townsend,2024-04-20,,,655.08,North
852,Lisa Franklin,,Keyboard,2.0,909.0,East
853,Bobby Zimmerman,2024-03-18,Keyboard,5.0,558.21,
854,Joshua Santana,2024-04-30,Laptop,,673.93,
855,Tracy Ho,2024-10-27,Smartphone,,166.14,
856,Allison Yoder,2023-12-06,Tablet,,320.87,East
857,Jeanne Smith,2023-05-20,Smartphone,9.0,997.21,
858,Elizabeth Rivas,2024-09-12,,,691.56,West
859,Paul Franklin,2023-11-23,Tablet,5.0,349.56,
860,Rachel Garcia,2024-08-09,Monitor,,219.52,South
861,Jack Willis,2023-11-22,Mouse,,159.92,
862,Mark Williams,2022-12-20,Tablet,3.0,136.38,
863,Dr. Brandi Moore MD,2024-03-23,Monitor,2.0,879.37,North
864,Natalie Santana,2022-12-10,Keyboard,,374.64,
865,Tiffany Richardson,2024-01-21,Laptop,,871.96,East
866,Brittany Hayes,2024-06-19,Mouse,3.0,120.03,West
867,Samuel Watson,2022-12-20,Tablet,,735.3,North
868,Daisy Ramirez,2022-12-23,Mouse,4.0,953.33,North
869,Matthew Howard,2023-10-22,,5.0,713.13,North
870,Martin Underwood,2024-04-21,Laptop,,519.24,
871,Reginald Rangel,2022-12-16,Mouse,,645.64,East
872,Samuel Carroll,2024-10-17,,,809.51,
873,Tyler Bowers,,Monitor,8.0,493.26,East
874,James Clark,2024-04-23,Tablet,4.0,686.21,East
875,Edward Hernandez,,Laptop,5.0,537.49,South
876,Linda Wallace,2024-01-12,Smartphone,3.0,106.68,South
877,Shannon Russell,2023-08-30,Tablet,,947.85,North
878,Sheila Allen,2024-04-18,Tablet,,,East
879,Brianna Oneill,2023-04-22,Mouse,3.0,876.32,
880,Mr. Anthony Roberts,2024-09-26,Smartphone,,133.16,
881,Thomas Kaiser,2023-01-01,Laptop,,144.01,South
882,Sarah Jones,2024-06-23,Tablet,3.0,615.42,West
883,Anthony Vargas,,Keyboard,,889.39,
884,Jeffery Manning DDS,2023-10-24,Mouse,,664.94,South
885,Robert Thomas,2024-08-21,Laptop,,309.41,North
886,Melinda Taylor,2024-10-11,Smartphone,7.0,839.4,
887,Michael Ewing,2024-02-03,Laptop,3.0,397.44,
888,Debra Kim,2024-10-28,Laptop,,819.47,South
889,Mrs. Kari Arnold,2023-08-14,Monitor,6.0,288.54,South
890,Amanda Perez,2024-01-19,Smartphone,9.0,319.48,South
891,Amber Hansen,2023-08-24,Tablet,,795.11,West
892,Billy Garcia,2023-08-29,,5.0,357.7,East
893,Janice Joseph,2024-10-02,Keyboard,9.0,948.94,North
894,James Hickman,2024-11-23,,3.0,512.07,North
895,Anthony Long,2024-02-07,Laptop,,,East
896,Michael Miller,2024-11-18,Monitor,3.0,736.6,South
897,Stephanie Rivera,2024-01-09,Smartphone,,907.87,South
898,Karen Bartlett,2024-08-16,Laptop,,560.51,East
899,Marcus Ortega,2023-08-22,Smartphone,,560.84,North
900,Thomas Perry,2023-09-27,Tablet,9.0,604.26,West
901,Timothy Steele,2023-12-11,Keyboard,9.0,339.83,South
902,Tonya Gonzalez,2023-04-04,,1.0,201.18,East
903,Isaiah Thompson,2024-03-01,,5.0,743.93,South
904,Robert Atkins,2023-07-16,Smartphone,,788.99,North
905,Taylor Davis,2023-10-29,Smartphone,7.0,492.19,West
906,Debbie Edwards,2024-09-26,,3.0,208.53,
907,Joshua Jones,,Smartphone,5.0,394.25,
908,Rebecca Hoffman,2024-04-09,Tablet,10.0,891.37,North
909,Susan Myers,2024-08-15,Monitor,4.0,626.09,
910,Andre Allen,2023-10-09,Laptop,9.0,867.1,North
911,Karen Stewart,2024-07-21,Laptop,,64.04,North
912,Belinda Garza,2023-08-07,Monitor,,69.88,
913,James Reeves,2023-11-05,Tablet,4.0,383.39,East
914,Kelly Sawyer,2023-04-28,Mouse,2.0,604.79,North
915,Kimberly Roach,2023-12-08,Mouse,,488.56,East
916,April Lopez,2023-11-05,Tablet,4.0,994.13,South
917,Jose Kemp,2024-04-18,Keyboard,10.0,159.05,South
918,Carly Cochran,2023-04-10,Laptop,,224.2,North
919,Rhonda Mayer,2023-08-06,,2.0,437.81,
920,Robin Martin,2024-05-02,Tablet,3.0,310.01,South
921,Stephanie Wilson,2024-08-13,Monitor,,942.26,
922,Bruce Christian,2023-09-26,,6.0,,East
923,Joshua Patrick,2024-04-06,Mouse,,683.68,East
924,Scott Austin,2024-02-17,Smartphone,,565.2,South
925,Janet Bryant,2023-05-08,Keyboard,2.0,277.16,South
926,Michael Bowers,2024-09-16,Keyboard,,139.4,North
927,Michael Rivers,2023-10-07,Smartphone,,180.74,West
928,Gregory Riley,2023-12-21,,4.0,103.89,South
929,Anna Jones,2023-11-01,Keyboard,7.0,271.03,
930,Julie Sanders,2024-09-15,Mouse,3.0,980.19,South
931,Raymond Bright,2024-07-28,Mouse,,770.77,
932,David Glover,2023-07-09,Laptop,,460.97,West
933,Ryan Sanders,2024-04-22,Tablet,,,South
934,April Lee,2023-03-30,Mouse,,197.3,South
935,Megan Williams,2023-05-13,Laptop,5.0,335.79,South
936,Barbara Foster,,Mouse,,127.86,South
937,Gregory Morris,2023-05-27,Tablet,4.0,400.28,West
938,Eric Gomez,2024-04-21,Monitor,3.0,772.32,South
939,Leah Arroyo,2024-02-22,Keyboard,7.0,243.51,North
940,Jessica Garcia,2023-01-21,Monitor,,827.09,South
941,Dr. Scott Robinson,2023-01-18,Laptop,,300.5,East
942,Elizabeth Long,2024-10-28,Monitor,5.0,458.88,East
943,Kelly Campos,2023-07-28,Laptop,,473.83,
944,Christopher Blanchard,2023-10-29,Tablet,3.0,303.5,East
945,Michelle Butler,2024-06-09,,,361.88,West
946,Rebecca Harmon,2023-07-07,Smartphone,,,South
947,Gregory Quinn,2023-08-04,,7.0,737.58,West
948,Shawn York,2024-03-31,Monitor,3.0,737.63,South
949,Jasmine Burgess,,,10.0,930.48,South
950,Kathy Smith,2024-03-02,Laptop,,420.88,East
951,Ricky Underwood,2023-02-09,Monitor,,629.9,South
952,Kimberly Harvey,2023-10-05,Smartphone,5.0,681.21,
953,Lisa Hensley,2024-03-14,Tablet,,686.65,East
954,Benjamin Mccarthy,2023-10-10,Tablet,,212.25,North
955,Andrew Collins,2023-05-24,Tablet,9.0,701.65,North
956,Rachel Morgan,2024-02-12,Smartphone,7.0,513.53,South
957,Justin Delacruz,2023-07-19,,10.0,,East
958,Wendy Gonzalez,2024-11-29,Laptop,,644.64,West
959,Jill Yates,,Monitor,,775.39,North
960,Christina Scott,2023-07-09,Mouse,2.0,140.68,West
961,Kayla Pennington,,Mouse,,542.08,North
962,Chelsea Harvey,2024-08-05,Keyboard,,490.0,West
963,Peter Owen,2023-08-06,Keyboard,,492.46,North
964,Timothy Coleman,2024-08-31,Monitor,1.0,957.32,South
965,Karen Gibbs,2024-02-12,Mouse,4.0,,West
966,Dr. Maria Chapman,2023-07-17,Tablet,10.0,291.81,West
967,Erin Gross,2023-07-15,Tablet,,71.1,South
968,Louis Fischer,2023-06-13,Mouse,4.0,440.4,
969,Sarah Johnson,,Monitor,,248.81,West
970,Andrew Fernandez,2023-04-23,Laptop,2.0,640.24,North
971,Donald Davis,2023-01-11,Keyboard,,247.77,West
972,Isaiah Rodriguez,2024-10-24,Smartphone,3.0,,
973,Derrick Morales,2024-11-18,Smartphone,,242.12,South
974,Stephen Adams,2023-08-30,Smartphone,,551.94,East
975,Kenneth Kline,2023-05-08,Keyboard,6.0,344.02,East
976,Gregory Graves,2024-01-20,Smartphone,,636.77,West
977,Kimberly Smith,2024-06-10,Monitor,,898.31,North
978,Julie Manning,2023-05-24,Mouse,,274.25,East
979,Melanie Daniels,2023-04-04,,,472.32,West
980,Robert Lopez,2023-11-03,Keyboard,,623.8,South
981,Lori Sullivan,2024-07-28,Smartphone,4.0,905.41,South
982,Eric Mann,,Tablet,,237.68,North
983,Samuel Monroe,,,,441.78,South
984,Jose Lucas,2024-03-27,Tablet,,203.73,East
985,Jasmine Rasmussen,2023-04-18,Smartphone,,160.18,
986,Phillip Alexander,,Mouse,,157.68,West
987,Shannon Rivera,2022-12-12,Smartphone,5.0,833.76,
988,Stephanie Francis,,,7.0,754.09,North
989,Melissa Torres,2024-01-21,Keyboard,1.0,758.66,West
990,Paula Fisher,2024-05-18,Smartphone,7.0,325.55,West
991,John Kelly,2024-10-26,,8.0,,East
992,Joel Ochoa,2024-04-27,Keyboard,,550.65,South
993,Jacqueline Oliver,2024-11-29,Monitor,,,South
994,Jasmine Jones,2023-10-04,Keyboard,,942.23,North
995,Desiree Brandt,2023-08-16,Mouse,,540.57,
996,Joel Burch,2023-06-18,Laptop,,118.68,North
997,Angel Hayden,2023-11-04,Tablet,5.0,296.01,West
998,Keith Oconnor,2024-04-01,Keyboard,,243.72,West
999,Brianna Madden,2023-05-29,,9.0,,North
1000,Leslie Bell,,Monitor,,498.41,West
1001,John Crosby,2023-04-30,Keyboard,,241.79,East
1002,Thomas Adams,2024-07-09,Smartphone,4.0,85.3,
1003,James Avila,,Mouse,6.0,437.09,West
1004,Timothy Sloan,2023-04-06,Tablet,7.0,209.36,
1005,Stephanie Jones,2023-02-21,Keyboard,,937.21,South
1006,Kristin Bennett,2022-12-28,Smartphone,,268.92,West
1007,Craig Salas,2023-04-11,Mouse,,463.99,North
1008,Kristine Rodriguez,2024-09-16,Mouse,7.0,533.59,
1009,Breanna Miller,2023-08-22,Tablet,,846.63,West
1010,Michelle Moss,2023-10-31,Monitor,,711.22,
1011,Julie Lopez,2023-03-20,Tablet,,247.99,West
1012,Gregory Harris,2023-10-23,Smartphone,,,
1013,Bryan Carpenter,2022-12-18,Monitor,,571.33,West
1014,Annette Lamb,,Keyboard,5.0,197.07,East
1015,Oscar Baker,2023-10-04,Tablet,9.0,479.71,North
1016,Kevin Miller,2023-01-24,Mouse,2.0,371.55,
1017,Darren Williams,2023-04-14,Smartphone,8.0,940.28,North
1018,David Hanson,2023-05-03,Tablet,9.0,322.36,West
1019,Edward Avila,2023-02-03,Tablet,1.0,706.94,West
1020,Sonya Hess,2024-06-21,Monitor,,98.46,
1021,Christopher Mitchell,2023-04-27,Mouse,2.0,292.11,East
1022,Paul Thomas,2024-10-16,Keyboard,7.0,663.06,East
1023,Laura Barker,2024-10-03,Mouse,2.0,149.7,East
1024,Michael Young,,,,174.77,East
1025,Joshua Lynn,2024-08-15,Keyboard,,556.13,West
1026,Jason Nelson,2024-10-23,Laptop,7.0,696.21,South
1027,Jennifer Reid,2022-12-18,Mouse,,297.25,East
1028,Kelli Walter,,Mouse,2.0,998.93,East
1029,Jamie Stewart,2023-07-10,Mouse,7.0,733.39,South
1030,Christopher Spencer,2023-01-14,Mouse,10.0,,West
1031,Michael Flynn,2024-06-29,Smartphone,4.0,773.6,East
1032,Joseph Evans,2023-07-08,Mouse,,935.0,North
1033,Jason Boyd,2024-05-18,Smartphone,,802.2,East
1034,Thomas Medina,2024-08-19,Mouse,,265.01,
1035,Thomas Williams,,Smartphone,6.0,781.77,East
1036,Nathan Johnson,2024-02-18,Monitor,,958.76,South
1037,Angela Chang,2024-05-23,Smartphone,5.0,445.65,East
1038,Joshua Hodge,2024-03-22,Smartphone,3.0,127.07,East
1039,Tracy Ray,2023-08-04,Mouse,6.0,765.47,North
1040,Michael Romero,2024-04-10,Tablet,3.0,,West
1041,Jeremy Baldwin,2023-12-21,Smartphone,,,South
1042,Valerie Frederick,2023-06-21,Monitor,9.0,878.5,East
1043,Benjamin Becker,2024-05-30,Smartphone,,221.79,North
1044,Jacob Hudson,2023-04-07,Mouse,3.0,646.42,North
1045,Hannah Dickson,2024-08-06,Laptop,4.0,441.24,
1046,John Davies,2023-12-26,Monitor,,321.91,South
1047,Matthew Miranda,,,,678.05,
1048,Edward Pena,2023-01-12,Laptop,,772.2,North
1049,Terry Black,2024-08-21,Tablet,,623.44,West
1050,Emily Lucas,2024-08-28,Laptop,8.0,950.63,
1051,Austin Barnes,2024-04-09,Tablet,2.0,,West
1052,Raven Peterson MD,2022-12-09,Smartphone,,382.76,West
1053,Zachary Carter,2023-04-10,,10.0,848.76,West
1054,Nicolas Williams,,Mouse,5.0,102.02,South
1055,Justin Ball,2023-11-26,Tablet,5.0,948.07,West
1056,Alexis Evans,2023-03-19,Laptop,,568.45,
1057,Sydney Duncan,2024-10-14,Monitor,,458.04,East
1058,Michelle Potter,2023-02-05,,2.0,652.85,East
1059,Juan Miller,2024-06-16,Tablet,,332.8,West
1060,Sandra Perez,2023-04-11,Mouse,,847.84,South
1061,Jessica Stephens,2024-01-28,Smartphone,,964.23,South
1062,Matthew Braun,,Laptop,,,West
1063,Ana Fritz,2024-05-17,Smartphone,,150.11,
1064,Jose Cohen,2024-06-11,Smartphone,8.0,261.66,
1065,Tyler Potter,2024-02-09,Mouse,,169.12,South
1066,Cynthia Pacheco,2024-10-03,Mouse,,555.23,South
1067,Patrick Mcneil,2024-12-07,Laptop,10.0,832.9,North
1068,Mark Mcgee,2023-09-30,Tablet,,560.19,
1069,Marc Lewis,2023-01-03,Keyboard,8.0,409.11,East
1070,Jeremy Finley DDS,2024-02-19,Monitor,1.0,556.71,East
1071,Glenn Mejia,2024-03-20,Laptop,,711.5,North
1072,Karen Brennan,2024-07-27,,,465.69,
1073,Michael Mitchell,2023-04-28,,3.0,481.35,North
1074,Michelle Carr,2024-10-30,,,160.76,East
1075,Sarah Mckinney,2024-12-03,Tablet,,302.49,East
1076,Maria Shaw,,Mouse,,786.66,East
1077,Barry Conway,2024-05-02,Tablet,,241.67,East
1078,Antonio Rios,2024-09-16,,,921.04,
1079,Christina Jackson,2024-07-04,Mouse,2.0,449.06,North
1080,Stephen Rodriguez,2024-01-25,,,616.25,South
1081,Matthew Mills,2023-10-27,Monitor,,266.75,South
1082,Brian Williams,2024-04-24,Keyboard,,861.49,North
1083,Crystal Wilson,2024-03-11,Monitor,,345.81,South
1084,Mr. Samuel Brown DDS,2024-05-08,Tablet,9.0,953.77,South
1085,Robin Schroeder,,,6.0,198.85,East
1086,Alexander Pennington,2023-07-22,Mouse,5.0,200.81,West
1087,Michael Velez,2023-11-04,Smartphone,,874.01,West
1088,Rachel Evans,2024-08-17,Smartphone,,588.07,East
1089,Traci Gregory,2023-01-16,,6.0,571.88,East
1090,Robin Norris,2024-06-08,Mouse,3.0,66.02,North
1091,Rachel Townsend,2024-06-20,Smartphone,,92.69,North
1092,Lisa Bradley MD,2024-12-04,Tablet,9.0,215.9,North
1093,Robert Waters,,Mouse,1.0,984.18,North
1094,Suzanne Harris,2023-11-26,Mouse,,,North
1095,Jason Lowe,2023-03-22,,,411.97,
1096,Edward Stevens,2023-09-09,Monitor,6.0,614.55,East
1097,Christine Garcia,2024-12-03,Mouse,,751.3,North
1098,Richard Castillo,2023-06-08,Mouse,8.0,658.61,
1099,Andrew Miller,2023-01-10,Smartphone,,789.2,South
1100,Franklin Gonzalez,2023-10-06,Laptop,,748.09,North
1101,Adam Richardson,2023-04-16,Tablet,3.0,56.38,
1102,Rachel Freeman,2024-03-23,Tablet,,463.98,South
1103,Roger Flowers,2023-08-19,Laptop,2.0,72.68,North
1104,Amy Sanchez DVM,,Laptop,3.0,923.29,West
1105,Charles Mitchell,2024-05-19,,,837.62,South
1106,Charles Marshall,2023-06-07,,7.0,868.41,South
1107,Jaime Andersen,2023-10-21,Mouse,10.0,306.27,East
1108,Mark Cannon,2023-05-15,Mouse,5.0,270.86,East
1109,Kathleen Howard,2024-01-11,Tablet,8.0,,West
1110,Dean Bennett,2022-12-19,Laptop,,383.5,North
1111,Jason Stanley,2024-04-01,,9.0,911.94,North
1112,Anthony Parks,2023-03-19,,,950.72,South
1113,Bridget Nolan,2023-03-14,Monitor,,399.67,West
1114,Richard Wagner,2023-08-16,Mouse,,736.98,East
1115,Joshua Hicks,2024-12-05,Monitor,10.0,183.56,South
1116,Chelsea Hernandez,2024-09-01,,,590.69,North
1117,Cindy Caldwell,2024-03-04,Mouse,,316.02,North
1118,Traci Lawson,2023-10-17,Keyboard,8.0,,East
1119,David Gomez,2023-01-13,Keyboard,,643.57,South
1120,Mrs. Christy Snow DDS,2024-03-03,Monitor,,677.83,West
1121,Ashley Estes,,Tablet,,480.2,East
1122,Joshua Flores,,Monitor,10.0,634.93,East
1123,Mary Young,2023-03-27,Mouse,,625.31,West
1124,Pamela Wright,2024-11-15,Keyboard,3.0,152.55,
1125,Donald Johnson,2024-07-23,Keyboard,,887.82,West
1126,James Hooper,2023-07-08,Keyboard,7.0,238.92,North
1127,Leah Ellis,2023-06-16,Smartphone,8.0,778.85,South
1128,Kelly Ashley,2024-09-02,Smartphone,8.0,941.71,South
1129,Kurt Ferguson,2023-09-13,Mouse,,504.03,West
1130,Jill Mueller,2024-02-19,Mouse,4.0,329.6,North
1131,Andrew Robinson,2023-09-11,,,795.93,
1132,Jacob Allen,2024-03-29,,,550.65,South
1133,Eric Nash,2024-03-25,,8.0,218.95,West
1134,Terrence Petty,2024-08-18,Laptop,,560.24,East
1135,Walter Hughes,2023-01-09,Monitor,7.0,518.83,East
1136,Alexandria Griffin,,Monitor,2.0,825.24,East
1137,David Smith,2023-11-03,Monitor,,605.99,North
1138,Rickey Riddle,2024-11-11,Monitor,,93.78,East
1139,Megan Stephens,2023-12-20,Keyboard,,319.65,
1140,Lynn Adams,2024-08-08,Tablet,4.0,180.12,North
1141,Rick Neal,2023-08-05,Keyboard,8.0,584.48,South
1142,Amanda Hanson,2024-12-03,Monitor,5.0,771.07,North
1143,Michael Brewer,2024-04-05,,,640.95,
1144,Kristen Kim,2023-06-09,,,878.08,
1145,Ryan Garcia,2024-11-06,Monitor,5.0,619.23,North
1146,Joseph Martinez,2024-08-10,Laptop,,507.45,South
1147,Nicholas Gutierrez,2023-06-05,Keyboard,,350.47,
1148,James Mathews,2024-08-25,Mouse,,617.1,West
1149,James Noble,2024-11-11,Monitor,,,South
1150,Katie Greene,2023-11-26,Keyboard,3.0,776.13,South
1151,Alexis Gilmore,2024-01-10,Keyboard,3.0,646.13,North
1152,Megan Jackson,2024-08-31,Keyboard,,178.64,West
1153,Jennifer Shaw,2023-01-07,Keyboard,2.0,56.18,North
1154,James Mullins,2024-01-30,,,594.7,East
1155,Charles Khan,2024-07-19,Smartphone,10.0,,East
1156,Christopher Mcguire,2023-03-04,Keyboard,1.0,92.17,South
1157,Travis Jones,2024-03-15,Mouse,1.0,,North
1158,Melanie Smith,2023-11-08,Tablet,,,
1159,Kerri Smith,2023-09-14,,,485.85,North
1160,Olivia Mcdonald,2023-08-18,Tablet,5.0,973.11,West
1161,Harold Branch,,Smartphone,,140.53,South
1162,Stephen Williams,2022-12-10,Laptop,,622.41,
1163,Daniel Ortega,2023-11-03,Keyboard,8.0,913.58,East
1164,Michael Hayes,2023-04-04,Mouse,,63.33,
1165,Gregory Smith,,Tablet,,699.32,West
1166,Connie Mcmillan,2024-05-09,,4.0,,North
1167,Ronald Cox,,Keyboard,8.0,942.74,West
1168,Sandra Singh DVM,2023-09-16,Monitor,6.0,212.76,South
1169,Patricia Larson,2023-04-08,Smartphone,7.0,75.13,
1170,Erica Smith,2024-10-28,Smartphone,4.0,482.53,
1171,Marissa Walls,2024-03-23,Mouse,8.0,340.55,
1172,Jon Tate,2024-07-15,Smartphone,,240.16,East
1173,Sarah Montoya,2024-05-08,Laptop,1.0,402.99,
1174,Joshua Garcia,2024-11-06,Smartphone,4.0,178.05,South
1175,Karina Love,2024-06-14,Monitor,,665.35,West
1176,Carrie Martinez,2023-03-28,,,625.15,North
1177,Michelle Lawson,2024-11-17,Tablet,,972.04,East
1178,Frank Bell,2023-12-12,Laptop,9.0,122.01,South
1179,Jeffrey Best,2024-09-25,Smartphone,10.0,624.77,West
1180,Arthur Jones,2023-12-04,Mouse,5.0,257.92,North
1181,Richard Carter,2024-03-15,Laptop,,254.51,East
1182,Kara Smith,2024-04-12,,,,North
1183,Dr. Charles Smith PhD,2024-01-02,Smartphone,,,North
1184,Nicholas Watkins,2023-11-24,Tablet,,152.1,East
1185,Jose Smith,2023-08-20,Smartphone,10.0,110.2,South
1186,John Perry,2024-05-06,Keyboard,3.0,603.57,North
1187,Tamara Webster,2024-02-19,,3.0,576.88,East
1188,Elizabeth Huffman,2024-07-25,Keyboard,,179.36,North
1189,Aaron Smith,2023-11-01,,7.0,470.09,North
1190,Robert Ramirez,2023-08-31,Monitor,,783.75,South
1191,Christopher Lopez,2024-01-20,Keyboard,,640.27,West
1192,Daniel Hunt,2023-06-08,Laptop,8.0,306.52,
1193,Lauren Harrison,2024-11-02,Keyboard,,422.58,North
1194,James Espinoza,2023-08-24,Smartphone,7.0,521.27,South
1195,Sean Howard,2023-12-21,Keyboard,8.0,563.22,West
1196,Derek Kelly,2024-05-10,Laptop,1.0,900.66,
1197,Adam Johnson,2024-08-22,Mouse,,521.92,
1198,Jill Webster,2024-06-22,Tablet,,460.71,North
1199,Edward Christensen,2023-01-05,Keyboard,4.0,94.16,East
1200,Adam Lawson,2024-11-24,Laptop,,150.59,West
1201,Jodi Mosley,2024-01-12,Monitor,4.0,368.41,West
1202,Brianna Hoffman,,Laptop,,259.94,
1203,Carlos Ferguson,,Laptop,,615.62,East
1204,Michele Ryan,2024-09-13,Smartphone,,809.25,South
1205,William Hughes,2023-01-26,Mouse,,393.08,East
1206,Thomas Ortiz,2023-09-06,Keyboard,3.0,823.04,North
1207,Laura Johnson,2023-09-05,Smartphone,,237.93,West
1208,George Santiago,2023-04-27,Keyboard,6.0,997.45,North
1209,Brian Jenkins,2023-12-16,Mouse,,68.34,North
1210,Bryan Cole,2023-09-27,Laptop,,361.29,West
1211,Derek Golden,2024-11-04,,7.0,,South
1212,Richard Wolfe,2024-07-09,,,312.2,South
1213,Tracie Graham,2023-09-04,Mouse,4.0,412.79,
1214,Kristina Wood,2023-07-04,,,304.07,East
1215,Tommy Porter,2023-12-07,,1.0,507.89,North
1216,Timothy Horne,2023-06-17,Monitor,,961.49,South
1217,Jared Smith,2023-02-10,Keyboard,4.0,67.96,East
1218,Thomas Christian,2023-06-16,Tablet,8.0,413.29,West
1219,Paula Watkins,2024-02-21,Laptop,,510.39,South
1220,Michael Powell,2023-05-12,Tablet,,228.61,North
1221,Emily Pitts,2022-12-15,Smartphone,3.0,716.06,East
1222,Steven Fox,2023-01-26,,7.0,303.78,
1223,John Charles,2023-12-29,Tablet,,231.53,North
1224,Anthony Harrison,2023-07-02,,,369.14,South
1225,Traci Gray,2023-05-30,Laptop,,752.47,West
1226,Jamie Hammond,2024-05-04,,1.0,136.68,South
1227,Jean Robinson,2024-05-22,Tablet,3.0,904.03,East
1228,Maureen Young,2023-09-07,Monitor,,561.88,West
1229,Sherry Gutierrez,,Keyboard,,662.62,North
1230,Bobby Mayer MD,2024-09-25,Smartphone,,743.22,North
1231,Cynthia Mills,2023-09-09,Monitor,4.0,910.87,North
1232,Tyler Washington,2024-09-27,Mouse,,266.41,North
1233,Crystal Stewart,2023-12-21,Smartphone,,496.74,West
1234,Kelly James,2022-12-14,Keyboard,8.0,607.13,East
1235,Troy West,2023-06-18,Keyboard,,,South
1236,Kristina Fernandez,2023-11-29,Keyboard,,764.96,South
1237,Katherine Hardy,2024-07-17,Laptop,3.0,146.87,North
1238,Kyle Johnson,2023-08-13,Tablet,7.0,453.33,East
1239,Amy Marshall,2024-11-17,Laptop,1.0,562.45,
1240,Kristine White,2024-08-05,Smartphone,,564.64,East
1241,Amanda Stone,2023-05-08,Tablet,5.0,690.03,North
1242,Noah Walters,2024-05-28,Laptop,,847.27,South
1243,Shawna Buckley,2024-02-18,Mouse,1.0,551.32,North
1244,Laurie Rodriguez,2024-08-25,Mouse,2.0,605.08,South
1245,Cynthia Mitchell,2024-01-06,Tablet,,226.18,North
1246,Colleen Weaver,2023-12-30,Mouse,3.0,841.81,South
1247,Daniel Clarke,,Mouse,,57.69,West
1248,Amanda Pena,2023-11-25,Laptop,1.0,300.92,
1249,Laura Newton,2024-01-04,,7.0,872.27,West
1250,Lindsay Bailey,2023-07-13,Smartphone,2.0,857.1,South
1251,Erica Harrison,2023-01-02,Tablet,,391.44,
1252,Andrew Lawrence,2023-01-28,Mouse,6.0,940.57,East
1253,Erika Duarte,2023-08-23,Tablet,8.0,102.26,East
1254,Ashley Miller,2024-11-25,Smartphone,4.0,905.55,North
1255,Derek Gonzalez,,,9.0,681.8,
1256,Kimberly Hill,2024-02-15,Keyboard,,725.06,South
1257,Lisa Lewis,2024-10-11,Mouse,9.0,836.55,
1258,Herbert Greene,2023-12-20,Monitor,6.0,230.1,North
1259,Kevin Watkins,2024-07-20,,,,West
1260,Ryan Patterson,,,,339.01,North
1261,Michael Stevens,2023-04-07,Smartphone,3.0,598.3,North
1262,Keith Wright,2023-08-16,Mouse,,197.87,North
1263,Dr. Blake Brown,2023-07-07,Monitor,10.0,88.33,South
1264,Robert Davenport,2024-07-04,Laptop,,672.15,
1265,Christopher King,2023-06-06,Monitor,,306.87,South
1266,Thomas Steele,2024-04-19,Smartphone,,391.96,West
1267,Vanessa Schwartz,2023-11-09,Mouse,3.0,,East
1268,Amanda Hardy,2024-04-10,Mouse,2.0,956.07,
1269,Glenn Brewer,2023-08-27,Smartphone,,961.24,South
1270,Justin Hoover,2024-07-17,Smartphone,,529.76,
1271,Stephanie Briggs,2023-12-04,,,516.9,South
1272,Harry Alvarez,2024-05-14,Monitor,,653.48,
1273,Leslie Davidson,2023-07-01,,4.0,478.24,West
1274,Cassidy Nelson,2024-04-05,Smartphone,4.0,432.83,North
1275,Diane Mendez,2023-11-04,Mouse,,957.27,West
1276,Patrick Hartman,2023-07-05,,6.0,128.78,South
1277,Wesley Cook,2024-04-15,Smartphone,,761.8,South
1278,Daniel Nelson,2024-09-27,Laptop,6.0,914.27,West
1279,Samantha Thomas,2023-06-15,Laptop,,,South
1280,Hunter Schultz,2024-01-30,Mouse,,,West
1281,Trevor Terrell,,Mouse,10.0,459.0,
1282,Courtney Knight,2024-06-25,Laptop,7.0,84.39,South
1283,Sylvia Herrera,2024-02-17,Laptop,,576.08,North
1284,Sonya Guerra,2023-10-22,Keyboard,,294.95,
1285,Thomas Tucker,2023-09-02,Laptop,10.0,631.47,
1286,William Turner,2023-07-04,Laptop,8.0,218.77,South
1287,Paul Williams,2024-04-13,Mouse,4.0,577.45,North
1288,Cody Gonzalez,2023-05-18,,4.0,610.77,East
1289,Donald Cox,2023-03-22,Mouse,9.0,63.66,East
1290,Denise Adams,2022-12-24,Smartphone,2.0,300.13,West
1291,Edward Davis DVM,2022-12-08,Laptop,7.0,563.13,North
1292,Kyle Mccarty,2024-08-06,Monitor,9.0,301.28,East
1293,Jennifer Khan,2023-10-10,Tablet,,750.3,East
1294,Heather Graham,2023-12-20,Laptop,3.0,108.59,North
1295,David Wright,2023-01-18,Tablet,,789.47,East
1296,Lisa Black,2024-12-04,Tablet,1.0,477.69,West
1297,Jacob Delgado,2024-01-22,Keyboard,1.0,78.99,North
1298,Karen Hernandez,2023-12-06,Laptop,6.0,303.11,East
1299,Kristie Savage,2023-06-16,Smartphone,,103.83,East
1300,Ashley Yu,2023-01-15,Laptop,,,East
1301,John Dunlap,2023-01-08,Smartphone,,525.55,West
1302,Mackenzie Crawford,2024-06-24,Monitor,6.0,878.48,
1303,Gary Brown,2023-05-14,,1.0,919.47,West
1304,Christopher Williams,2024-09-27,Tablet,,955.94,South
1305,Kimberly Wilson DVM,,Tablet,1.0,682.6,North
1306,Amber Ramos,2023-12-04,Mouse,7.0,513.24,South
1307,Sue Reid,2024-03-10,Tablet,,699.16,West
1308,Mary Bartlett,2024-10-10,Tablet,,465.83,West
1309,Brianna Bolton,2023-05-06,Monitor,,807.33,
1310,Jill Williamson,2023-02-14,Mouse,,501.42,East
1311,Nicole Scott,2023-03-25,Tablet,1.0,451.17,South
1312,Courtney Carson,2023-10-29,Monitor,,685.51,South
1313,Lindsay Burns,2023-07-19,,,726.26,North
1314,Jerry Johnson,2024-02-11,Smartphone,,637.58,West
1315,Laura Roberts,2023-10-26,Mouse,8.0,891.88,West
1316,Heather Harrison,,Smartphone,2.0,724.37,West
1317,Lisa Wheeler,2023-12-26,Monitor,,390.78,
1318,Linda Bender,2024-09-21,,,269.89,West
1319,Gavin Lee,2023-06-22,Smartphone,8.0,133.67,
1320,Heather Robinson,2024-02-23,Laptop,3.0,803.03,South
1321,Greg Hanna,2023-12-23,,6.0,714.86,
1322,Herbert Garcia,2024-11-27,Keyboard,,688.65,North
1323,Maria Fuller,2024-11-22,,,824.67,South
1324,Dylan Potter,2023-12-31,Smartphone,,515.47,South
1325,Robert Miller,2023-04-23,Monitor,5.0,563.62,
1326,Isabel Adams,2024-07-28,Mouse,,144.12,West
1327,Justin Cannon,2024-03-21,Tablet,8.0,575.16,South
1328,Melissa Sims,2024-04-24,Tablet,4.0,915.97,East
1329,Jack Johnson,2024-10-03,Laptop,,439.27,
1330,Darlene Allen,2023-07-30,Keyboard,9.0,703.99,West
1331,Jennifer Davis,2023-10-13,Mouse,,548.28,East
1332,Kendra Daniel,2023-03-16,Keyboard,4.0,862.98,West
1333,Melissa Smith,2023-01-25,Keyboard,,458.63,West
1334,Robert Hickman,2024-08-26,Smartphone,,207.95,South
1335,Michele Potts,2024-09-19,Keyboard,,997.64,West
1336,Michael Keller,2023-01-08,Monitor,6.0,178.79,North
1337,George Roberson,,Laptop,,599.33,North
1338,Christina Murray,2023-08-08,Tablet,,151.05,South
1339,Jean Allen,2023-05-03,Mouse,2.0,468.88,
1340,Kristin Gordon,2023-08-03,Tablet,,397.54,West
1341,Michael Ross,,Mouse,3.0,199.69,East
1342,Chelsea Davis,2023-08-14,Monitor,,686.51,North
1343,Amanda Stein,,Tablet,,248.88,South
1344,Cheryl Hanson,2023-10-18,Mouse,,921.52,East
1345,Timothy Watson,2023-04-08,Smartphone,,370.85,South
1346,Michael Graham,2024-05-31,Tablet,2.0,783.31,
1347,Jeanette Sawyer,2023-09-23,Keyboard,3.0,995.97,East
1348,Matthew Salazar,2023-04-14,Smartphone,,55.22,East
1349,Margaret Evans,,,,682.49,
1350,Matthew Owen,2023-07-12,Keyboard,,846.87,North
1351,Destiny Bennett,2024-11-05,Keyboard,7.0,74.92,
1352,William Taylor,2024-09-09,Monitor,,637.63,South
1353,Sara Walker,2024-06-07,Keyboard,,842.41,West
1354,Joseph Zuniga,2024-09-25,Tablet,1.0,825.6,South
1355,Samuel Aguirre,2024-01-30,Monitor,,221.16,North
1356,Paul Odonnell,2023-09-09,Tablet,1.0,803.59,East
1357,Hector Johnson,2024-01-21,Monitor,6.0,204.83,East
1358,Sarah Rivera,,Tablet,10.0,138.79,
1359,Chelsea Harvey,2023-10-11,Mouse,9.0,375.73,East
1360,Shawn Lopez,2023-08-28,Monitor,7.0,626.17,North
1361,Elizabeth Fisher,2024-10-12,,,455.77,North
1362,Barbara Miller,2023-04-14,,,267.57,East
1363,Jillian Williamson,2024-09-22,Mouse,1.0,111.68,West
1364,Erin Sparks,2023-10-30,Smartphone,2.0,801.76,South
1365,Amanda Jones,2023-05-26,Monitor,,226.35,East
1366,Julian Stone,,Mouse,5.0,76.81,North
1367,Carolyn Roberts,2024-08-13,Smartphone,,444.82,
1368,Christine Ramsey,2023-05-04,Smartphone,,531.85,North
1369,Roberta Allen,2024-07-12,Monitor,1.0,348.34,North
1370,Valerie Young,2024-09-23,Keyboard,,669.94,
1371,Ronald Hicks,2023-05-13,Tablet,,283.56,
1372,Ruben Ramos,2024-06-19,Laptop,1.0,827.48,North
1373,James Cunningham,2023-10-02,Laptop,,868.68,West
1374,Christopher Davis,2024-02-25,Monitor,,981.32,
1375,Andre Arroyo,2023-04-14,Keyboard,,664.14,East
1376,Sherri Martin,2023-01-09,Keyboard,6.0,290.1,East
1377,Becky Rogers,2022-12-12,Keyboard,,529.2,North
1378,Laurie Roman,2023-06-18,,1.0,133.82,East
1379,Sheena Rogers,2024-08-30,Laptop,,239.0,South
1380,Suzanne Guerrero,2023-06-09,Smartphone,3.0,513.08,East
1381,Cassandra Mcgee,2022-12-26,Tablet,,157.51,North
1382,Anita Johnson,2023-06-12,Laptop,2.0,199.12,East
1383,Madison Meyer,2023-09-29,Tablet,,904.93,South
1384,Kimberly Hudson,2024-05-23,Tablet,,767.41,North
1385,Teresa Bond,2024-11-15,Monitor,,951.06,West
1386,Alex Gray,2024-02-04,Monitor,3.0,226.68,East
1387,Michael Garrison,2023-10-18,,1.0,487.68,East
1388,Brianna Jones,2024-01-05,Tablet,4.0,964.92,West
1389,Robert Liu,2023-09-23,,,518.59,East
1390,Robert Crosby,,Smartphone,8.0,174.56,North
1391,Maria Johnson,2024-08-28,Smartphone,7.0,71.38,South
1392,Brandon Bright,2023-11-13,Keyboard,,991.53,East
1393,David Fernandez,2023-12-02,Keyboard,2.0,916.96,South
1394,Regina Knight,2023-09-18,Tablet,1.0,595.84,North
1395,Carol Hoffman,2024-11-15,Keyboard,5.0,313.48,West
1396,Melissa Sanchez,2024-05-02,Smartphone,,441.97,South
1397,Patrick Gray,,Monitor,,897.22,West
1398,Ryan Valencia,,Smartphone,9.0,806.18,
1399,Robert White,2024-07-27,Smartphone,7.0,935.64,North
1400,Daniel Phillips,2023-06-14,,10.0,242.59,
1401,Barbara Hayden,2024-08-10,Monitor,,,South
1402,Daniel Davis,2023-10-18,Monitor,,851.98,
1403,Natalie Johnson,2024-10-20,Keyboard,,923.64,
1404,Zachary Nelson,2024-06-14,Tablet,,416.83,West
1405,Jennifer Anderson,2023-06-12,Mouse,,150.34,North
1406,Javier Moss,2023-09-23,,6.0,563.47,West
1407,Brent Rogers,2023-08-29,Mouse,,911.7,East
1408,Mr. James Fernandez,2023-07-21,Mouse,8.0,462.56,South
1409,Cassidy Koch,2024-06-03,,,103.82,East
1410,Angela Cline,2024-08-19,Monitor,,213.37,
1411,Angela Mccarthy,2023-05-17,Smartphone,4.0,628.64,South
1412,Michelle Massey,2024-11-22,Mouse,8.0,86.42,East
1413,Kathryn Lopez,,Monitor,,144.8,
1414,Donald Thomas,2023-05-16,Laptop,,425.39,
1415,David Howard,2024-04-02,Monitor,,726.11,
1416,Mr. Benjamin Johnson,2024-03-26,Smartphone,10.0,973.75,
1417,Deborah Gray,,,,,
1418,Ruben Harrison,2024-07-27,Smartphone,7.0,511.99,North
1419,Jessica Best,2024-07-24,Mouse,6.0,202.01,East
1420,Olivia Taylor,2024-07-31,,5.0,296.3,North
1421,Tiffany Johnson,2023-02-24,Mouse,,341.28,North
1422,Charles Johnson,2023-03-14,Monitor,1.0,311.9,West
1423,Katherine Mcdonald,2023-04-08,Keyboard,10.0,294.59,South
1424,Tiffany Wiggins,2023-08-01,Tablet,8.0,762.29,South
1425,Matthew Cox,2024-11-09,Laptop,,326.18,
1426,Emily Smith,2024-08-07,Smartphone,4.0,575.04,West
1427,Michelle Young,2024-09-02,Laptop,,,North
1428,Alexandra Wilson,2024-03-26,Mouse,6.0,187.7,South
1429,Alexander Martin,2023-06-27,Monitor,4.0,783.31,South
1430,Lauren Vance,,Laptop,,955.69,North
1431,Michelle Ramos,2024-10-29,Monitor,,873.26,East
1432,Allison Christensen,2023-11-22,Smartphone,,389.51,West
1433,Dr. Michael Johnson,2023-10-13,Smartphone,,917.78,West
1434,Jason Brooks,2024-03-07,Mouse,,577.36,North
1435,Ana Hamilton,,Monitor,,894.82,South
1436,Bryan Barnes,2024-07-10,Mouse,8.0,360.34,East
1437,Michael Carson,2023-10-12,Laptop,,301.74,West
1438,Heather Morrow,2023-08-07,Keyboard,5.0,967.12,
1439,Hannah Jackson,2023-03-12,,8.0,965.62,West
1440,Amanda Ellis,2024-03-21,Monitor,6.0,951.9,
1441,Stacy Nicholson,2023-03-30,Smartphone,10.0,617.06,South
1442,Andrew Morse,2023-08-21,,,656.72,South
1443,Jonathan Johnson,2024-01-25,Laptop,2.0,758.7,
1444,Jamie Jensen,2024-09-28,Keyboard,9.0,263.99,South
1445,Rachel Wilkins,2024-03-06,Smartphone,8.0,299.77,South
1446,Marie Benson,2022-12-28,,,206.95,
1447,Matthew Oneill,2023-12-09,Mouse,5.0,150.53,East
1448,Summer Johnson,2023-08-20,Monitor,,937.93,East
1449,Theresa Young,2023-05-27,Smartphone,,456.92,East
1450,Mary Hart,2024-09-03,Keyboard,4.0,916.41,South
1451,William Rios DDS,,Keyboard,6.0,338.75,North
1452,Marvin Smith,2024-10-25,,,,North
1453,Jared Gates,2023-10-17,Monitor,,715.8,West
1454,Madison Carroll,2023-08-25,Smartphone,,217.47,
1455,Angela Simmons,2024-04-14,Smartphone,,218.61,East
1456,Jason Carter,,Tablet,10.0,569.85,West
1457,Todd Conway,2024-04-14,Monitor,,179.23,
1458,Kenneth Chung,2024-04-26,Mouse,,233.78,West
1459,Mark Miller,2023-03-12,Monitor,,75.67,East
1460,Henry Farmer,2023-05-03,,7.0,436.5,East
1461,Melissa Yates,2024-10-29,Keyboard,9.0,269.52,West
1462,Debra Riley,2024-08-10,,10.0,482.12,East
1463,Andrew Dyer,2023-05-09,Mouse,,713.42,West
1464,Brett Russell,2024-01-05,,1.0,435.53,South
1465,Geoffrey Patterson,2023-09-25,Laptop,,351.81,North
1466,Annette Rowland,2024-09-29,Smartphone,,687.59,West
1467,Evan Wilson,2024-12-02,Smartphone,5.0,849.17,West
1468,Zachary Rubio,,Smartphone,2.0,325.32,South
1469,Sarah Wagner,2024-02-20,Mouse,,683.83,
1470,Paul Reese,2023-05-04,Keyboard,,970.19,
1471,Gabriel Reyes,2023-05-03,Tablet,7.0,751.92,South
1472,Damon Bridges,,Smartphone,1.0,464.13,West
1473,Matthew Browning,2023-10-13,,10.0,159.96,North
1474,Shannon Wallace,2024-03-09,Laptop,,467.58,East
1475,Mark Harris,2024-04-04,Laptop,6.0,999.15,East
1476,Felicia Jacobson,2024-05-03,Smartphone,,699.36,West
1477,Benjamin Clark,2023-07-18,Keyboard,,764.35,South
1478,Jim Reyes,,Laptop,,88.19,South
1479,Juan Collins,2023-07-22,,,,East
1480,Seth Parker Jr.,2022-12-13,Keyboard,,602.98,
1481,Cheryl Rodgers,2023-12-30,,,783.79,South
1482,Edward Walls,2023-02-12,Keyboard,,777.83,South
1483,Eric Key,2023-07-12,Smartphone,5.0,931.38,South
1484,Kelly Clay,2024-05-04,Keyboard,9.0,157.49,South
1485,Timothy Rodgers,2024-07-27,Laptop,2.0,454.56,East
1486,Jasmin Sims,2023-02-02,Smartphone,8.0,745.12,East
1487,Amanda Mcclain,2023-03-08,Mouse,3.0,883.38,South
1488,Amy Mcpherson,,Keyboard,1.0,688.87,East
1489,Karen Perkins,,Keyboard,,984.61,South
1490,Ashley Hanson,2024-03-29,Tablet,7.0,204.4,North
1491,Jeanette Jones,2024-03-27,Laptop,,295.18,East
1492,Patrick Williams,2024-04-15,Laptop,,129.32,North
1493,Mary Davis,,Mouse,6.0,368.27,East
1494,Cindy Johnson,2024-11-24,Monitor,7.0,512.72,East
1495,Ms. Sherri Wilkins,2023-06-19,Mouse,9.0,629.67,West
1496,Jessica Perry,2024-04-05,Laptop,,91.13,
1497,Jenna Ross,2023-11-07,Tablet,,863.02,West
1498,Linda Hughes,2024-07-17,Monitor,,930.44,North
1499,Jeremy Chandler,2024-02-22,Mouse,,915.78,
1500,William Cook,2024-07-04,Keyboard,,173.21,West
1501,Aaron Preston,2023-01-08,Keyboard,8.0,670.07,South
1502,Amanda Thompson,,Mouse,,533.4,North
1503,Clinton Hall,2023-09-03,Keyboard,6.0,971.49,South
1504,Jay Brown,,Smartphone,,856.08,
1505,Maria Clayton,2024-11-14,Keyboard,2.0,,North
1506,Katherine Gray,2023-12-20,,2.0,889.52,
1507,Sherri Flores,2023-01-02,Smartphone,,309.45,
1508,Jerry Owens,2023-11-22,Tablet,,964.87,East
1509,Jessica Gonzalez,2024-07-10,Tablet,,702.89,East
1510,Robert Santiago,,,,80.72,East
1511,Kevin Ibarra,2024-12-06,,,53.68,West
1512,Claudia Goodman,2024-06-17,Laptop,3.0,58.03,East
1513,Bradley Jenkins,2022-12-10,Tablet,,861.72,North
1514,Jennifer Hammond,2023-01-30,Keyboard,3.0,62.29,
1515,Omar Wolfe,2023-08-29,Tablet,,983.18,North
1516,Charles Wallace,2023-07-07,Tablet,,582.83,East
1517,Dennis Riley,2023-12-16,Monitor,10.0,68.08,East
1518,Alison Reese,2023-01-16,Laptop,6.0,806.87,North
1519,Jessica Tran,2024-03-18,Monitor,5.0,111.06,
1520,Samantha Cooley,2024-09-11,Mouse,,107.88,West
1521,Bridget Acevedo,2024-05-14,Mouse,1.0,138.12,North
1522,Rachel Hill,2024-10-12,Keyboard,8.0,517.54,East
1523,Cheryl Smith,2023-01-09,Laptop,5.0,834.92,West
1524,John Christensen,,Mouse,,769.29,West
1525,Mark Schultz,2023-08-21,Mouse,1.0,182.41,
1526,Michael Young,2023-05-26,Tablet,,460.32,East
1527,Robert Bird,2024-08-11,Mouse,3.0,202.32,East
1528,Daniel Jimenez,2023-09-13,,,322.2,South
1529,Robert West,2023-03-10,Mouse,,52.98,South
1530,James Watson,2023-06-30,Laptop,,731.74,
1531,Stephen Murray,2023-06-16,Keyboard,,729.35,
1532,Richard Juarez,2023-01-29,,,791.53,
1533,James Andrews,2023-07-15,Tablet,10.0,305.59,West
1534,Jennifer Durham,2023-10-17,Mouse,,420.18,South
1535,Micheal Weiss,2023-10-01,Keyboard,,579.61,West
1536,Mary Weiss,2023-09-14,Laptop,10.0,440.96,East
1537,Joseph Fields,2024-02-10,Smartphone,9.0,616.63,East
1538,Hannah Miller,2024-06-15,,8.0,745.8,South
1539,Zachary Welch,2023-06-09,Laptop,,714.96,East
1540,Cathy Good,2023-06-27,Laptop,,551.67,West
1541,Annette Wagner,2023-07-07,Mouse,3.0,137.68,North
1542,Jennifer Williams,2024-03-07,Smartphone,4.0,256.0,
1543,Natalie Riley,2023-01-18,Keyboard,9.0,364.04,East
1544,Jacqueline Glover,2024-11-16,Keyboard,6.0,283.08,
1545,Angela Mendoza,2023-12-03,Smartphone,3.0,650.3,
1546,Jeanette Parsons,2023-04-25,Smartphone,,110.65,East
1547,Courtney Lee,2023-01-31,Keyboard,,483.22,South
1548,James Morris,,,9.0,702.31,
1549,Darren Mckenzie,,Laptop,4.0,80.29,West
1550,Miranda Evans,2023-02-20,,1.0,228.13,East
1551,Dawn Munoz,2023-11-20,Tablet,3.0,436.44,West
1552,Darius Howard,2023-07-13,Keyboard,3.0,386.53,East
1553,John Cobb,2023-11-09,,,784.46,West
1554,Thomas Petty,2024-05-02,Tablet,2.0,773.05,North
1555,Robert Baxter,2023-01-17,Keyboard,10.0,259.84,South
1556,Cassandra Hayes,2024-08-14,Tablet,6.0,,West
1557,Dr. Heather Cooper,,Monitor,,491.23,North
1558,John Hardy,2023-06-01,Smartphone,9.0,745.68,
1559,Mr. Randall Reid,2023-07-01,Smartphone,,452.69,North
1560,Jennifer Carter,2023-11-22,Monitor,,614.1,West
1561,Janet Hubbard,2024-12-01,Smartphone,10.0,564.42,East
1562,Alex Allison,2024-09-14,Tablet,,954.19,North
1563,Willie Schmidt,2024-06-09,,6.0,395.4,West
1564,Shannon Norman,,Monitor,,474.59,East
1565,Perry Brooks,2024-05-21,Keyboard,5.0,940.92,
1566,Jean May,2024-09-27,Mouse,,645.14,West
1567,Anthony Rodriguez,2023-09-24,Laptop,4.0,59.62,
1568,April Johnson,2023-06-18,Smartphone,5.0,,South
1569,Paula Tyler,2023-07-05,Monitor,6.0,836.55,East
1570,Kara Cole,2024-05-22,Laptop,4.0,718.71,North
1571,Vanessa Rice,2023-07-29,Monitor,,251.46,North
1572,Tracy Herring,2024-07-09,Tablet,,294.74,South
1573,Emma Scott,2022-12-11,Laptop,7.0,621.94,West
1574,Christopher Brown,2024-01-24,Mouse,,411.87,North
1575,Karen Warren,2024-06-01,Tablet,1.0,654.97,North
1576,Lori Johnson,2022-12-11,Keyboard,,909.54,East
1577,Patrick Reed,2023-05-07,Smartphone,2.0,,
1578,James Robinson,,,6.0,615.02,South
1579,Jordan Palmer,2023-03-09,Laptop,,751.77,West
1580,Daniel Scott,2024-04-08,,,158.59,South
1581,Eric Jenkins,2024-05-04,,7.0,386.98,North
1582,Jessica Richardson,,Monitor,,843.49,West
1583,Michelle Moreno,2023-08-01,Tablet,,454.25,East
1584,Julie Obrien,2023-09-16,Monitor,,545.1,East
1585,Jeremy Perry,2024-08-27,Mouse,,811.67,North
1586,Rachel Ruiz,2023-01-06,Smartphone,,327.24,North
1587,Steven Barker,,Smartphone,4.0,992.47,North
1588,Cassandra White,2024-03-22,Mouse,,774.55,
1589,Beth Oliver,,Monitor,3.0,143.71,South
1590,Kaitlin Moore,2024-07-18,Mouse,8.0,350.92,East
1591,Mary Morales,2023-05-02,Monitor,,,
1592,James Stanley,2023-09-13,,10.0,424.05,East
1593,Anne Thomas,,Smartphone,4.0,605.6,West
1594,Michael Marsh,2023-05-24,Monitor,10.0,456.65,North
1595,Kimberly Lopez,2023-01-13,Monitor,,963.19,North
1596,Dylan Payne,2023-01-22,Tablet,,901.07,West
1597,Nancy Medina,2024-07-17,,7.0,720.12,East
1598,Brittany Hernandez DVM,2024-07-29,Mouse,,659.3,South
1599,John Torres DVM,2023-10-15,Laptop,8.0,331.22,West
1600,Charles Webb,2024-03-23,Keyboard,,582.45,West
1601,Jason Mejia,2023-07-02,Keyboard,1.0,292.02,West
1602,Theresa Osborne,2023-02-28,Mouse,,519.26,
1603,Peter Harrington,2024-02-26,Laptop,,310.7,North
1604,Bianca Manning,2024-03-29,Laptop,1.0,450.32,East
1605,Anthony Cooper,2023-08-18,Tablet,5.0,,South
1606,Melanie Ward,2024-02-20,Mouse,3.0,476.3,
1607,Kenneth Lucas,2023-09-15,,,477.22,East
1608,Anthony Chang,2024-05-31,Mouse,,663.84,West
1609,Catherine White,2024-11-15,Mouse,8.0,57.33,
1610,Adrian Key,2023-01-20,Laptop,8.0,66.96,
1611,Stephen Spence,,,,770.5,West
1612,Michelle Robinson,,Tablet,,798.8,
1613,Debbie Hernandez,2022-12-30,Tablet,3.0,480.02,West
1614,Robert Brooks,2024-11-14,Keyboard,7.0,181.7,East
1615,Sophia Cruz,2024-11-03,Keyboard,,448.74,South
1616,Jesus Ramos,2024-05-30,Smartphone,1.0,923.62,North
1617,Meghan Harding,2024-09-14,Tablet,,422.61,South
1618,Mark Carter,2023-05-04,Mouse,,,East
1619,Rebecca Joseph DDS,2024-06-05,Mouse,5.0,232.61,East
1620,Nathan Austin,2023-07-17,Tablet,,118.55,
1621,Timothy Anderson,2023-07-17,Monitor,,778.56,
1622,Cassandra Mckenzie,2023-05-05,Mouse,,402.33,East
1623,Robin Murray,2024-10-23,Laptop,1.0,443.28,South
1624,Brandon Leonard,2023-01-19,Keyboard,8.0,631.06,
1625,Erik Ritter,2024-09-30,Tablet,6.0,820.83,East
1626,Robert Sanchez,2023-03-31,Smartphone,,419.19,West
1627,Nina Blake,2023-11-06,,5.0,,
1628,Emily Mathis,2023-07-13,Monitor,,441.82,West
1629,Christopher Conway,2024-11-01,Tablet,,787.42,South
1630,Zachary Kirby,,Keyboard,,,
1631,Keith Villa,2023-10-18,Monitor,,822.4,West
1632,Troy Lam,2023-01-23,Tablet,,735.67,South
1633,Jason Lee,2024-03-11,Laptop,5.0,536.49,West
1634,Fernando Li,2023-02-13,Mouse,,381.84,
1635,Roy Carlson,,Tablet,8.0,681.98,East
1636,Jeffrey Webb,2023-07-17,Keyboard,9.0,60.31,North
1637,Randall Thompson,2023-03-11,Monitor,9.0,867.38,North
1638,Brian Harris,2024-07-15,Mouse,,70.94,North
1639,Rebecca Randall,2023-12-18,Tablet,3.0,276.17,North
1640,Janice Tucker,2023-11-28,Keyboard,,197.21,South
1641,Amber Johnston,2024-08-29,Monitor,,708.59,West
1642,Judy Bryant,2023-03-05,Smartphone,,837.08,East
1643,Scott Harrison,2023-09-19,Laptop,,,North
1644,Annette Ford,2023-04-10,Laptop,3.0,378.23,West
1645,Jeffrey Marks,2023-09-30,Laptop,4.0,,East
1646,Leonard Miller,2023-12-14,Tablet,3.0,598.85,West
1647,Monica Simmons DDS,2023-06-25,Mouse,,955.75,South
1648,Steven Sharp,2023-01-18,Keyboard,,535.28,East
1649,John Smith,2023-08-22,,,,North
1650,Kathryn Ramos,2024-10-30,Laptop,5.0,822.38,North
1651,Jimmy Smith,2024-08-27,Mouse,3.0,138.55,
1652,Antonio Wallace,2024-02-07,Keyboard,3.0,377.85,West
1653,Meghan Wallace,2024-08-17,Mouse,,382.23,West
1654,Amanda Austin,2024-10-13,Monitor,,465.91,South
1655,Nicholas Briggs,2023-09-18,,7.0,716.46,West
1656,Charles Francis,2024-09-22,Keyboard,,385.95,West
1657,Suzanne Johnston,2023-03-13,Laptop,,965.75,North
1658,Sara Serrano,2023-05-29,Tablet,2.0,202.36,
1659,Benjamin Delgado,2023-01-14,Smartphone,,942.01,
1660,Mario Logan,2023-09-26,Tablet,,497.52,North
1661,Eric Steele,2023-05-16,Laptop,,619.83,
1662,Vanessa Jackson,2023-11-29,Tablet,10.0,562.5,North
1663,Melanie Swanson,2024-07-18,Mouse,10.0,196.31,West
1664,Nathan Morales,2024-10-10,Smartphone,8.0,62.42,West
1665,Michael Erickson,2022-12-21,Smartphone,,302.25,
1666,Jamie Suarez,2023-09-23,Tablet,,220.43,South
1667,Andrew James,2024-10-06,Mouse,,81.46,North
1668,Edward Bates,2023-05-03,Monitor,3.0,358.37,
1669,Amanda Taylor,2022-12-10,Keyboard,6.0,692.14,West
1670,Steven Ewing,2023-05-31,Keyboard,6.0,532.24,East
1671,Peggy Mcbride,2023-10-20,Mouse,8.0,621.55,
1672,Judy Dean,2023-10-16,Laptop,3.0,508.73,
1673,Eric Reid,2023-09-26,Mouse,1.0,588.39,West
1674,Traci West,2023-12-16,,10.0,,East
1675,David Parker,2024-05-05,Keyboard,10.0,234.38,South
1676,Raven Robinson,2024-02-07,,,935.55,West
1677,Jessica Simon,2023-06-20,Smartphone,5.0,996.73,East
1678,Tony Leblanc,2024-08-03,Keyboard,,928.54,
1679,Cassandra Duncan,,Mouse,2.0,796.94,North
1680,Steven Reynolds,2024-10-11,,,115.82,North
1681,Ryan Barrett,2023-12-06,Smartphone,7.0,392.08,South
1682,Jimmy Larson,2023-06-23,Mouse,,457.76,North
1683,Katelyn Ferrell,2023-09-29,Keyboard,6.0,291.89,
1684,Christopher Edwards,2023-10-15,Monitor,6.0,,South
1685,Katherine Carter,2024-06-07,Laptop,2.0,720.49,
1686,Brian Harper,2023-11-25,Laptop,,384.24,North
1687,Donna Ortiz,2023-02-08,Laptop,1.0,420.38,East
1688,Megan Peck,,Mouse,3.0,431.82,South
1689,Anthony Bryant,,Laptop,,801.94,
1690,Bruce Nelson,2024-08-07,Keyboard,,195.67,North
1691,Jonathan Cruz,2023-02-09,Laptop,8.0,338.38,West
1692,Kyle Higgins,2023-06-25,Mouse,,639.26,East
1693,Adam James,2023-12-06,Mouse,,707.35,
1694,Gordon Jackson,2024-11-09,Keyboard,7.0,236.62,East
1695,Jesse Mathis,2024-07-30,Keyboard,1.0,991.09,West
1696,Jenna Mccarthy,2024-07-02,Tablet,10.0,293.13,South
1697,Chad Romero,2024-07-03,Monitor,2.0,133.11,North
1698,Caroline Mcgrath,2023-01-06,,,100.03,
1699,Shannon Rivera,2024-09-16,Tablet,1.0,685.06,North
1700,Christina Santiago,2023-11-02,Keyboard,5.0,792.48,East
1701,Amber Grant,2023-12-03,Tablet,7.0,300.91,
1702,Nicholas Mckinney,2024-01-20,Laptop,9.0,556.22,
1703,Justin Harper,2024-02-22,Laptop,,,
1704,Jennifer Sullivan,2023-12-19,Tablet,8.0,321.22,South
1705,Justin Davis,2024-04-12,Keyboard,7.0,149.57,East
1706,Brenda Dominguez,2023-12-12,Monitor,,311.98,West
1707,Alison Gomez,2024-07-20,Monitor,10.0,413.18,East
1708,Robert Anderson,2024-09-13,Laptop,,821.03,North
1709,Daniel Richardson,2023-03-02,Tablet,8.0,283.83,West
1710,Jason Thomas,2024-07-02,Mouse,,547.35,North
1711,Rachel Potts,2024-04-06,Laptop,,736.86,West
1712,Sara West,,,1.0,,East
1713,Thomas Brown,2022-12-30,Keyboard,5.0,312.67,East
1714,Melinda Kim,2023-07-05,Smartphone,,422.54,East
1715,David Payne,,,5.0,530.19,East
1716,Richard Evans,,,,73.9,East
1717,Chelsea Sanders,,Tablet,4.0,431.61,West
1718,Jean Alexander,2023-07-21,Smartphone,3.0,831.62,South
1719,Miss Angela King DVM,2024-05-18,,,338.17,East
1720,Valerie Green,2024-05-13,Keyboard,8.0,468.25,West
1721,Earl Burgess,2023-10-08,Monitor,,733.03,North
1722,Edward Hobbs,2023-08-09,Monitor,,674.09,North
1723,Jennifer Jackson,2023-02-18,Keyboard,10.0,197.21,
1724,Edward Mclean,,Smartphone,,791.15,East
1725,Elizabeth King,2023-02-01,Monitor,4.0,207.68,West
1726,Shannon Herman,2023-05-28,,,257.47,North
1727,Marvin Hernandez,2023-06-09,Keyboard,,82.85,South
1728,Cathy Walters,,Tablet,10.0,521.19,North
1729,Michael Smith,2023-08-25,Mouse,,283.11,North
1730,Cristian Fitzgerald,2024-09-28,,,248.99,North
1731,Chelsea Potter,2024-03-06,,7.0,462.0,South
1732,Tony Wagner,2024-02-03,Mouse,,566.99,East
1733,Aaron Bryant,2024-11-24,Smartphone,4.0,769.06,South
1734,Barbara Parsons,2024-03-23,Tablet,,483.19,
1735,Brent Martin,2024-02-06,Mouse,,53.12,
1736,Crystal Williams DDS,2023-05-28,Laptop,9.0,108.46,East
1737,Tiffany Hoover,2024-08-21,Smartphone,,196.96,
1738,Jason Davis,2024-02-27,Mouse,7.0,433.52,East
1739,Richard Robles,2024-12-04,,,608.23,East
1740,Brandon Jackson,2023-10-12,Laptop,3.0,598.62,West
1741,Michael Williams,2023-12-19,Mouse,5.0,186.6,West
1742,Joseph Lewis,2023-03-07,,8.0,572.28,North
1743,Jose King,2024-01-07,Laptop,2.0,463.13,West
1744,Jacqueline Jones,,Laptop,6.0,818.2,
1745,Brian Chang,2023-05-10,Laptop,8.0,479.77,North
1746,Melissa Sanford,2024-01-15,Mouse,2.0,648.4,
1747,Ashley Williams,2023-12-15,Smartphone,,474.28,South
1748,David Mcguire,2024-11-30,Mouse,1.0,156.43,
1749,Mr. Michael Camacho,2023-06-05,Mouse,,532.13,
1750,Aaron Brown,2024-08-21,Tablet,5.0,271.88,East
1751,Cole Cook,2023-07-31,,2.0,157.88,North
1752,David Smith,2023-01-11,Keyboard,10.0,885.92,North
1753,Kathryn Smith,,Laptop,,230.26,East
1754,Eric Brown,2024-03-10,Smartphone,,147.01,East
1755,Zachary Ramirez,2024-08-17,Mouse,2.0,226.32,North
1756,Mr. Lee Kennedy,2023-05-20,Monitor,2.0,178.31,South
1757,Eric Wagner,2023-04-03,Tablet,9.0,253.18,North
1758,Nina Smith,,,,,West
1759,Glenn Armstrong,2024-02-13,Smartphone,,509.05,West
1760,Tiffany Tran,2024-04-23,Keyboard,4.0,637.13,South
1761,Daniel Nguyen,2024-05-23,Tablet,7.0,521.94,East
1762,Brittany Richards,,Keyboard,10.0,443.98,South
1763,Keith Watts,2024-07-25,,,909.85,East
1764,Ryan Hutchinson,2023-10-25,Laptop,,569.87,North
1765,Todd Marshall,2024-09-06,Smartphone,,269.55,South
1766,Patrick Williams,2023-08-12,Tablet,,719.1,North
1767,Wendy Miller,2022-12-18,Smartphone,,446.02,North
1768,Logan Gibson,2024-04-29,,,693.27,West
1769,Thomas Dorsey,2023-09-11,Smartphone,5.0,800.79,
1770,Erika Webb,2023-09-11,Mouse,,155.75,North
1771,Jeffery Jones,,Monitor,5.0,579.68,
1772,Alex Chang,2024-03-10,Smartphone,,328.36,
1773,Michelle Moreno,2023-06-27,Tablet,,300.13,East
1774,Arthur Anderson,2024-06-23,Smartphone,2.0,903.39,East
1775,Justin Diaz,2023-07-13,,10.0,338.65,West
1776,Christopher Watson,2023-02-08,Tablet,9.0,967.15,North
1777,Keith Macias,,,,522.36,South
1778,Pamela Robles,2023-02-17,,3.0,260.12,West
1779,Rhonda Clay,2022-12-27,Mouse,,207.28,North
1780,Ethan Avery,2022-12-25,Smartphone,,635.72,
1781,Sarah Simmons,,Laptop,7.0,607.91,East
1782,Terry Stout,2024-08-28,Monitor,,622.49,North
1783,Joseph Stevenson,2023-10-08,Laptop,6.0,590.12,North
1784,Bryan Baker MD,,,9.0,941.61,East
1785,Kimberly Martin,2023-03-30,Keyboard,,855.38,West
1786,Debra Williams,2023-12-19,,,783.57,
1787,Emily Dixon,2023-08-13,Smartphone,5.0,228.03,West
1788,Dr. Victor Moon MD,2024-03-17,Monitor,8.0,328.28,South
1789,Mr. Steven Sanders,,Smartphone,9.0,758.43,South
1790,Amanda Welch,2023-05-03,Smartphone,2.0,314.09,
1791,James Jenkins,2023-09-26,Laptop,7.0,913.78,South
1792,Vicki Schultz,2023-02-26,Keyboard,9.0,282.44,North
1793,Tracy Sweeney,2023-05-20,Tablet,,910.38,
1794,Kaitlyn Ramirez,2024-05-01,Keyboard,,558.5,North
1795,Joe Glover,2024-01-03,Tablet,5.0,583.7,North
1796,Cindy Wells,2024-06-14,Mouse,10.0,,East
1797,Kenneth Giles,2024-11-02,Laptop,7.0,64.04,North
1798,Robert Hernandez,2022-12-25,Mouse,,432.93,South
1799,Julia Bird,2024-07-05,Smartphone,2.0,746.06,East
1800,Brendan Martinez,2023-06-22,Monitor,4.0,366.77,West
1801,Christine Mcguire,2023-01-02,Mouse,,671.4,North
1802,Renee Wilson,2023-06-03,Smartphone,,811.99,East
1803,Amber Fisher,2024-03-22,Smartphone,,321.78,
1804,Kenneth Cole,2022-12-14,Smartphone,,413.78,North
1805,Alicia Rodriguez,2023-11-12,Tablet,,968.97,South
1806,Michele Hopkins,2024-01-03,Keyboard,,624.08,
1807,Emily Simmons,2023-01-19,Mouse,7.0,664.92,South
1808,Tyler Rodriguez,2024-10-19,Laptop,,578.17,North
1809,Jessica Mendez,2024-04-25,Laptop,,465.18,West
1810,Amy Martin,2023-12-16,Smartphone,,534.31,South
1811,Becky Santiago,2023-01-27,Mouse,5.0,170.84,West
1812,Mrs. Christina Harris,2024-02-28,Keyboard,,635.46,East
1813,Katherine Williams,2024-06-14,Keyboard,,998.54,
1814,Thomas Jackson,2023-11-22,,4.0,833.61,
1815,Martin Wilson,2023-03-13,Tablet,3.0,852.91,
1816,Michelle Washington,,Smartphone,,934.41,East
1817,Mrs. Brooke Chaney,2023-06-29,Smartphone,2.0,362.63,East
1818,Danielle Garcia,2023-08-10,Monitor,,885.27,North
1819,Melissa Hays,2024-10-27,Mouse,,669.79,
1820,Sara Bennett,2024-03-05,Tablet,,891.07,South
1821,Robert Manning,2024-01-20,Mouse,4.0,96.82,
1822,Evan Murphy,2023-10-09,Laptop,,338.5,North
1823,Tina Williams,2024-06-18,Mouse,,487.18,East
1824,Matthew Howell,2022-12-18,Mouse,,434.52,South
1825,Jeff Rhodes,2024-07-28,Smartphone,6.0,455.28,
1826,Elaine Smith,2024-07-27,Laptop,,850.51,South
1827,Cassandra Thomas,2024-08-17,Monitor,,826.12,East
1828,Jessica Smith,2024-01-11,Tablet,,555.0,East
1829,Michael Anderson,2023-02-05,Mouse,,702.89,East
1830,Christopher Lynch,2023-06-15,Laptop,,328.66,East
1831,Kirk Quinn,2024-04-12,,9.0,753.86,West
1832,Amy Schultz,2024-07-13,Monitor,8.0,,North
1833,Joel Mitchell,2023-01-21,Mouse,,594.74,
1834,Jenna Mason,2023-07-17,Smartphone,6.0,487.88,South
1835,Barbara Boyle,2024-07-01,Monitor,4.0,493.27,East
1836,Cristian Johnson,2023-08-25,Tablet,7.0,927.6,South
1837,Patrick Salas,2023-06-15,Tablet,3.0,447.42,South
1838,Jody Garza,2023-02-03,Tablet,,79.73,South
1839,Elizabeth Lopez,2023-04-10,Monitor,4.0,99.79,West
1840,Dawn Parker,2023-03-14,Mouse,,490.27,East
1841,Heidi Raymond,2024-10-30,Smartphone,9.0,85.36,North
1842,Angela Ryan,2023-01-02,,,759.81,South
1843,Mercedes Blankenship,2024-05-12,Smartphone,,459.15,West
1844,Jessica Clark,2024-01-30,Smartphone,10.0,475.69,East
1845,Johnny Carlson,2024-03-24,Mouse,8.0,805.77,South
1846,Parker Schultz,2024-08-20,Mouse,1.0,366.0,North
1847,Tara Watson,2024-11-02,Keyboard,,773.52,East
1848,Michael Anderson,2023-07-23,Tablet,1.0,266.99,South
1849,Paula Miller,2024-02-18,Laptop,,83.92,East
1850,Brandon Cox,2024-04-17,Smartphone,9.0,110.24,North
1851,Randy Brown,2023-02-08,Laptop,2.0,128.59,South
1852,Lisa Hunt,2024-02-11,Smartphone,,705.95,North
1853,Michelle Butler MD,,Tablet,2.0,804.47,North
1854,Christine Knight,2023-09-20,Laptop,,578.64,East
1855,Barry Deleon,,Smartphone,9.0,655.31,South
1856,Amy Oconnor,2023-03-29,Smartphone,1.0,364.87,South
1857,Bryce Smith,2024-10-23,Laptop,,421.21,South
1858,Jessica Blair,2023-01-22,Laptop,,117.98,East
1859,Matthew Sanchez,2024-07-06,,,876.47,South
1860,Alan Faulkner,2024-08-25,Smartphone,2.0,69.66,West
1861,Veronica Tucker,2023-06-06,Mouse,7.0,187.08,North
1862,Amy Campbell,,Mouse,1.0,635.64,West
1863,Edward Giles,2024-03-11,Smartphone,5.0,846.52,North
1864,Nicole Christian,2023-02-03,Keyboard,7.0,788.47,
1865,Cody Graham,2023-02-10,Monitor,8.0,393.5,South
1866,Karen Owen,2023-12-02,,,915.28,East
1867,Kenneth Adams,2024-09-21,Laptop,,779.87,North
1868,Larry Irwin,2024-03-29,Keyboard,,637.23,North
1869,Kristina Villegas,2023-07-05,Laptop,,,North
1870,Bryan Parks,2023-06-27,Monitor,,416.61,South
1871,Randall Mcdonald,2024-01-25,Smartphone,,115.26,East
1872,Maxwell Robinson,2023-01-08,Mouse,7.0,895.72,
1873,Spencer Grant,2023-05-11,Laptop,,390.62,
1874,Laura Lane,2024-10-10,,2.0,571.36,
1875,Allison Hall,2023-03-17,Tablet,9.0,414.75,West
1876,Allison Frazier,,,,693.35,
1877,Jeffery Stephens,2024-05-05,Monitor,9.0,974.19,East
1878,Judith Delacruz,2024-04-30,Mouse,10.0,478.17,East
1879,Steven Sexton,2023-08-07,Laptop,,366.18,
1880,Carmen Taylor,2024-06-02,Laptop,7.0,427.8,
1881,Brian Aguilar,2023-07-06,,,181.16,
1882,Rebecca Vance,2024-09-01,,10.0,421.12,North
1883,Marc Wolfe,2022-12-15,Mouse,,311.86,North
1884,Bernard Morgan MD,2023-03-30,Tablet,10.0,154.39,West
1885,Chelsea Williamson,,Keyboard,,399.16,
1886,Juan Murphy,2024-09-03,Laptop,,263.69,East
1887,Kyle White,2023-10-30,Laptop,9.0,729.75,West
1888,Shelly Moss,2022-12-18,Smartphone,3.0,470.79,North
1889,Frank Hernandez,2023-02-12,Mouse,4.0,370.02,West
1890,Frank Owens,2023-07-03,Tablet,10.0,823.79,West
1891,David Schmidt,2023-11-08,Smartphone,1.0,949.85,East
1892,Dennis Nelson,2023-11-13,Mouse,,491.39,
1893,Thomas Anderson,2023-07-10,Keyboard,5.0,290.45,South
1894,Brian Watson,2023-03-19,Monitor,5.0,179.96,East
1895,Justin Castro,2023-08-27,Smartphone,,,South
1896,Martin Curtis,2024-04-29,Mouse,,830.16,
1897,Erik Olson,2024-05-30,Tablet,1.0,495.31,West
1898,Michael Parker,2023-02-09,Laptop,10.0,625.89,South
1899,Gavin Brock,2024-03-11,Mouse,9.0,953.11,South
1900,Lindsay Brown,2023-12-02,Smartphone,,464.48,East
1901,Shannon Davis,2023-05-12,Tablet,3.0,417.11,
1902,Lisa Hernandez,2024-10-25,Laptop,9.0,932.72,West
1903,Michael Harrington,2024-04-19,Keyboard,1.0,685.72,North
1904,Brian Nolan,2024-01-06,Tablet,,756.36,North
1905,Justin Velazquez,2024-12-05,Smartphone,3.0,754.88,East
1906,Stephen West,2023-03-10,Smartphone,,311.49,
1907,Donna Ford,2023-01-12,Keyboard,,448.5,East
1908,Joshua Jackson,2023-11-13,Laptop,7.0,629.88,East
1909,Erica Barnett,2024-09-13,Keyboard,,998.55,North
1910,Benjamin Jones,2023-06-17,Mouse,,937.2,North
1911,William Browning,2024-03-10,Mouse,,515.51,West
1912,Melissa Lawrence,2023-08-07,Tablet,,898.48,West
1913,David Davis,2023-07-26,Tablet,,,West
1914,Kerry Sanchez,,Monitor,7.0,238.06,South
1915,Jamie Randall,2023-05-13,Smartphone,8.0,616.73,West
1916,Laurie Valdez,2024-05-29,Tablet,2.0,593.48,
1917,Ray Schultz,2024-07-17,Monitor,,510.82,East
1918,Jamie Mckee,2024-11-09,,5.0,505.56,South
1919,Darin Snyder,2023-07-09,Laptop,,683.25,West
1920,Michael Gray,2023-04-13,,1.0,569.73,East
1921,Stacey Mcdonald,2024-11-13,Laptop,1.0,156.39,West
1922,Lisa Thompson,2023-03-08,Mouse,,154.75,
1923,Susan Nolan,2024-01-07,Keyboard,10.0,198.02,South
1924,Alexis Oliver,2023-01-12,Mouse,5.0,348.83,
1925,Brendan Mccarthy,2024-08-11,Tablet,2.0,947.08,South
1926,Samantha Barrett,,Tablet,,185.63,North
1927,Ryan Vazquez,2024-01-16,Tablet,,281.53,North
1928,Micheal Gutierrez,2024-11-02,Monitor,9.0,371.17,
1929,Casey Poole,2024-11-23,Tablet,9.0,738.15,West
1930,Judy Johnson,2023-10-21,,,373.92,West
1931,Anne Sullivan,2024-07-21,Laptop,,78.56,South
1932,Allison Ellis,2023-11-01,Mouse,,255.68,South
1933,Scott Maldonado,,,,818.24,East
1934,Glenn Bell,2023-04-14,,3.0,62.02,East
1935,John Alexander,2023-05-11,Keyboard,5.0,55.02,East
1936,Alexander Ray,2023-01-31,,,822.99,North
1937,Samantha Hawkins,2024-04-12,Laptop,9.0,983.53,
1938,Ellen Thompson DDS,2023-05-21,Laptop,4.0,164.3,
1939,Frank Solomon,2024-04-06,Laptop,,858.9,South
1940,Daniel Brown,2024-06-28,Keyboard,2.0,887.77,
1941,Justin Villarreal,2023-10-15,Laptop,,964.38,South
1942,Kevin Beltran,2023-12-23,Keyboard,,687.86,North
1943,Jason Shepard,2023-04-20,Monitor,,167.82,West
1944,Dawn Fletcher,2023-08-12,Tablet,2.0,923.35,
1945,Melissa Hernandez,2024-09-08,,,579.21,
1946,Caitlin Mcintyre,2024-07-10,Monitor,3.0,721.55,East
1947,Christina Park,2022-12-21,Keyboard,7.0,695.39,North
1948,Scott Taylor,2023-04-06,Tablet,10.0,610.56,South
1949,Jeremy Harrison,2023-02-24,,7.0,270.35,North
1950,Kevin Turner,2024-01-24,Tablet,,,East
1951,Kevin Brown,2023-07-07,,5.0,146.79,North
1952,James Douglas,2023-08-24,Laptop,7.0,110.08,
1953,Jonathan Shaw,2024-10-24,Mouse,,431.07,South
1954,Holly Parker,2023-03-02,Monitor,,897.84,West
1955,Michelle Hayes,2024-08-01,Tablet,,376.16,East
1956,Heidi Gallegos,2023-07-02,Keyboard,,587.49,East
1957,David Jones,2024-01-19,Laptop,2.0,478.22,North
1958,Joseph Gutierrez,,,,66.01,
1959,Deborah Gomez,2023-05-04,,,279.01,East
1960,Judith Carpenter,2024-03-15,Laptop,8.0,316.3,
1961,Heather Diaz,2024-09-05,,,844.61,East
1962,Anthony Silva,,Monitor,3.0,109.95,East
1963,Gina Davis,2023-10-10,Laptop,,,North
1964,Cindy Carter,2023-12-16,Laptop,,986.45,
1965,Roberta Walls,2023-12-06,Smartphone,,897.7,West
1966,Brian Gibbs,2024-07-19,Tablet,,878.49,South
1967,Stephen Beck PhD,2023-12-24,Monitor,2.0,989.95,
1968,Kevin Hanna,2024-06-13,Tablet,5.0,794.29,North
1969,Kelly Wilson,2024-03-16,Laptop,,765.05,
1970,Christian Fuller,,Laptop,3.0,940.6,West
1971,Madison White,2023-05-29,Smartphone,,66.3,North
1972,Richard Bonilla,2023-05-28,Laptop,,404.1,West
1973,Corey Snyder,2023-04-28,Laptop,4.0,123.5,South
1974,Fernando Wise,2023-03-10,Monitor,10.0,259.92,East
1975,Guy Potts,2024-07-21,,10.0,243.1,East
1976,Jay Brown,2023-11-01,Tablet,,76.1,South
1977,Raymond Pena,2023-09-14,,,542.29,East
1978,Shannon Thomas,2024-10-30,Mouse,,957.02,East
1979,Stephen Williams,2024-11-04,Monitor,10.0,386.52,North
1980,Alexa Singh,2023-03-12,Smartphone,,248.14,South
1981,Dakota Frazier,2023-12-11,Monitor,,742.06,South
1982,John Perez,2024-09-30,Laptop,3.0,866.93,
1983,Riley Peterson,2024-06-16,Laptop,9.0,362.15,North
1984,Jorge Atkins,2023-04-14,,,663.02,
1985,Alexandra Fuentes DDS,,Mouse,1.0,934.79,South
1986,Beth Rodriguez,2024-06-03,,7.0,97.88,South
1987,Katie Mcdowell,2024-02-22,,1.0,612.71,
1988,Richard Hess,2024-06-02,,,849.96,South
1989,Ashley Duncan,2023-06-23,Laptop,,711.87,
1990,Caleb Blankenship,2023-03-31,Mouse,9.0,947.48,South
1991,Brittany Anderson,,Keyboard,7.0,955.3,South
1992,Sean Gonzalez,2023-05-24,Keyboard,,,
1993,Angelica Nichols,2024-03-31,Tablet,10.0,232.99,North
1994,Tyler Pennington,2023-02-17,Tablet,,915.43,East
1995,Daniel Douglas,2024-02-17,Smartphone,,484.85,North
1996,Jacob Young,2024-09-26,Laptop,,209.47,West
1997,Theresa Martin,2023-01-14,,7.0,203.74,
1998,Jessica Scott,2024-03-25,Keyboard,,640.68,North
1999,Emily Lane,2023-10-18,Tablet,7.0,373.72,South
2000,Tamara Benjamin,2024-03-29,Laptop,,936.41,
